title,price,shipping,condition,item_url
hello kitty pink Phone Cases Opens in a new window or tab,$19.47,Free / Not specified,Brand New,https://www.ebay.com/itm/167861678226?_skw=iphone+15+pro&itmmeta=01M2QEKZW377XC8TPZAKZ03CB8&hash=item271555f092:g:UPYAAOSwO2xoK-iQ&itmprp=enc%3AAQALAAAAwGfYFPkwiKCW4ZNSs2u11xBaoshmZmGNpOIfhm03N2D%2FgocE6ZXMcg6GSnZN2%2Bdv%2BGhOCti4A0lGr7alOgqon9TPMPU8Xbgnl52hD8EH%2FsfTzaVGo1Re8GysddGp9f4DvjyK514O4ZSD1X6IRZDFPkwlu9Rq1DxnoSgfUBI2XZfvOG6JXrqLdn8JFkrydLbTG9B6f9K2RhuWFptJ6lVSOFl4vcW7TjalS9KsBz4%2Bn1ppxSp8xnHOJ9tk%2F2y6vN%2F3fQ%3D%3D%7Ctkp%3ABlBMUKr-z-6VaA
hello kitty white Phone Cases Opens in a new window or tab,$19.47,Free / Not specified,Brand New,https://www.ebay.com/itm/167861677298?_skw=iphone+15+pro&itmmeta=01M2QEKZW364Y7MR4GQTAD77BS&hash=item271555ecf2:g:cogAAOSw1iBoK-jp&itmprp=enc%3AAQALAAAAwGfYFPkwiKCW4ZNSs2u11xDDffylb8mVj9W6SXD78fBjTQXzWOtSZ1K8i%2Byc7enZaIyE0YtYi3sbIUv6xe8S9kRGEV%2B--jWCFT4B9EMSle69EicDpwCXQHbJ%2F69TEvNnsRx8yj7KarUukEXUqLPzSUKKHsOs8OCmNkdB6fN6A79nIOEDL3DHMMlyzItELJ%2Bg9R0D2U8dx1VyP01pSkp3KYLk0guAG%2FpZjmxcsbmIPmMFwGJwn6YIRK%2BhMuIZXxl1oA%3D%3D%7Ctkp%3ABlBMUKr-z-6VaA
"Apple iPhone 15 Pro 5G 256GB Black Titanium Smartphone ""Free Shipping"" Opens in a new window or tab",$767.01,Free / Not specified,Very Good - Refurbished,https://www.ebay.com/itm/187762822312?_skw=iphone+15+pro&epid=9062807170&itmmeta=01M2QEKZW3FXVTQ5CAMYF3XK3B&hash=item2bb7894ca8:g:GC4AAeSwiX1qjra~&itmprp=enc%3AAQALAAAA8GfYFPkwiKCW4ZNSs2u11xBvuQzK76KIRfO3L6d%2B%2BFmcLHgN3SkXSI0h3WFfmlO87rtzTNAagEzez7vGFm3FMKVVV1IV%2B7xsJ%2FHEaWAysfisd6s56HRNWkTdFxdHWG%2BT2mnlnpFPO7YDjU2Db%2F0lckqU1fhAWAWZB%2BOY6xIlscPgccx0veTUSQXfeBsSwW5IrpVEaT8pr6C30QZGq42KEvzbfRjpE%2BySWToi%2FUvpVQpkdJIkA%2BKjfUwVFYwbQjWbyKLSTffualj2hNQCBcW8GSorRX7pztDgt80BvvaDSPcDK935TukrT1oBpFBSURERqQ%3D%3D%7Ctkp%3ABk9SR6r-z-6VaA
Apple iPhone 15 Pro 128GB/256GB 5G Unlocked Silver Brand New Excellent Condition Opens in a new window or tab,$682.43,Free / Not specified,New (Other),https://www.ebay.com/itm/358348642652?_skw=iphone+15+pro&epid=3062772475&itmmeta=01M2QEKZW3Q4TEHJZKRJRE5F1Z&hash=item536f3e595c:g:beEAAeSwjyRpu0cm&itmprp=enc%3AAQALAAAA0GfYFPkwiKCW4ZNSs2u11xCIwzAUtjw5IJSM7Po1j%2Bkqj%2B%2FLh9Ted1XO0RqQGTgYDnEZDbNhbeI9kyr0%2FMJPQszzbtZgcXRva42XQb97BsgHpemn%2BfboniEM42WnvUoADwOVO2QAx8Epmxf97zTTFaJOMGbWcfPX%2BOQPTWTH1J6mdMpeBcZq2cE2t%2FSMz%2B5ZeeyyyGKoID43JfS8Kqhy2wQSfYqMK%2FB1wa00N1ITTflMtBqITHWVBv9ohEz2gqFTKCLGJxvUdDAyGD11x7PCQx8%3D%7Ctkp%3ABk9SR6r-z-6VaA
Apple iPhone 15 Pro Max 256GB Natural Unlocked iOS Smartphone MU683LL/A Parts Opens in a new window or tab,$199.00,Free / Not specified,Parts Only,https://www.ebay.com/itm/820136203653?_skw=iphone+15+pro&itmmeta=01M2QEKZW3GN2BKAX6ECFMA87Z&hash=itembef3ed5585:g:jQQAAeSwWP1qqyvV&itmprp=enc%3AAQALAAAA8GfYFPkwiKCW4ZNSs2u11xDGFZ3LhBjNNtZzkLGFHI2%2FMoTjfr2u31K742xYWK5RnUv4vdaNmSfu9rDii9YI6TmoBczXpF3pQ3QbomXF8hRN%2FGNmiP%2FLqptAB7PRcvrQ%2FvNYpzS8%2F9BN8oK%2F77%2BvFMIEwpFSGGJ9pqWL2L6DGETzeWfsaVgvP3AwqXSUs9u1JMZCGqDLMtjAp1pa5jL1s9EN3YY%2FIDLj5fBWimb%2BdtbMWbxOviUrNoYAtwyqZdiFck4IUsdp2iS93QbPL2W%2B3feBdyOKn0jS9aFb5F9EexuKh4FRuU5Mxsl%2Bm2eZY%2B4cqg%3D%3D%7Ctkp%3ABk9SR6r-z-6VaA
iPhone 15 Pro 256GB A++ Natural Titanium Battery 100% New + Box + Cover Opens in a new window or tab,$710.83,Free / Not specified,Pre-Owned,https://www.ebay.com/itm/267743320725?_skw=iphone+15+pro&itmmeta=01M2QEKZW3KKHWYET00PXS030W&hash=item3e56beda95:g:rmMAAeSwZl5qa5qR&itmprp=enc%3AAQALAAAA8GfYFPkwiKCW4ZNSs2u11xBbc66sjpyA7TWIEvAt%2B6OZkhlrcmWX%2F%2Btu1ouMzicxTMWt%2FyvgM8GlcxawGDOi9Toy6JlDo%2B58sgPyvDbljLH5o2Nq8cObvEIycfhC%2BzygGUzY9G8GbR7W8gCKPnWrUOTetG0uM13ZOedvTnFKwypsxjc7neDVi714hQcVsQ3Oih64pNKz9T5NTwqCQ6AVa4NfMjslsqW07y88Ddk%2BjGC1lhqUi2grg3%2F88nrQZs59MmxB2LZpD%2BsYv3LLDAfiMgGDHa4d7JSpCiXix3mUodnky9pxjwahWRKu%2BLS3xcefLw%3D%3D%7Ctkp%3ABk9SR6r-z-6VaA
Apple iPhone 15 Pro Black 128GB Original Box *In Excellent condition* Opens in a new window or tab,$602.15,Free / Not specified,Apple iPhone 15 Pro ·Unlocked ·128 GB,https://www.ebay.com/itm/158301441659?_skw=iphone+15+pro&itmmeta=01M2QEKZW35C5FB6WZ2X4TK8GK&hash=item24db804e7b:g:qjwAAeSwzEtqq7wS&itmprp=enc%3AAQALAAAA0GfYFPkwiKCW4ZNSs2u11xCcK7B5ncqYFnkM2qMr3cUmhtmI3UpmC1S829w6g1Q%2BgR1ncGZe0toRIyQ5E7jk2tj3ZA%2BrO8nY%2BzOQ6AaVoGuDdbzhROeKJ3JWbOK9TpWSfltAEjoIlYsZNktBh5fLpqNYULMOl0J2e5u4JovK2hIi%2BJ%2Frb33u08ts1fLv%2FyPqwq5gJuRusxIBXpGrA9yLpKg73HYNnzp82O2c0R4pl1HvkAF8JumHAYfcX5ggvrU3vg3DD4pzqs5ssIykihUmel0%3D%7Ctkp%3ABk9SR6r-z-6VaA
Apple iPhone 15 Pro - 128GB - Titanium Black (without Simlock) + Invoice Opens in a new window or tab,$544.59,Free / Not specified,Pre-Owned,https://www.ebay.com/itm/376994354607?_skw=iphone+15+pro&epid=18062769515&itmmeta=01M2QEKZW3G1D2ABJWGJ9PXVG4&hash=item57c69d55af:g:cgcAAeSwgvFpsGhs&itmprp=enc%3AAQALAAAA0GfYFPkwiKCW4ZNSs2u11xAVL2XQ9b%2BnRPAAh6sNdDgic%2F0KYgdbbp4xD3r5c7QIxGFxIMe2Ra645HHf7m6LO6jH7%2Fld5TdugtYl338bXZQKKPyJZZ6VK3VjPMJ%2BCUOAZsc%2Fl%2Bj%2BrlfjNOHen4SPOmWTGeIvxO75B24MZkeQXnNywOh3y9d6rk4syC99Ge%2B%2BuDVCoaEva56VYda7XUderj4MwnJbUI2Z6I3BTnOPshQNLlJveTSfKaLPxHj3pHt4AO1LzVYtkxooYqtSVGzJvGY%3D%7Ctkp%3ABk9SR6r-z-6VaA
Apple iPhone 15 Pro 128GB 256GB 512GB 1TB Unlocked All Colours - UK Phone - Good Opens in a new window or tab,$622.20,Free / Not specified,Good - Refurbished,https://www.ebay.com/itm/205762229958?_skw=iphone+15+pro&epid=23062776824&itmmeta=01M2QEKZW3571F3DKYG9TAZMTJ&hash=item2fe86276c6:g:LPAAAeSwI11o39KW&itmprp=enc%3AAQALAAAA8GfYFPkwiKCW4ZNSs2u11xAj%2BvhUoBHETV%2FOW%2B0gmaEKpKNc9Rmt%2B4CA0izwovG6%2FxRhux2rqMlcbPqNFm5pSgboav%2FvHlHjcqJro2B6aCH7iOuaM2%2FJqZ4xrhFjvIIWsbRkuhxh8PgRR5do4bXNafp%2B3qt3l1nxrumAuTj8lntOx2RUMc%2Bwztbj2C97%2BpnyA%2FrkoafjY5P%2B7OONABmj5Y1UuL9hBXguD1EQNmuVw4zjAn0y%2B2Ira%2BDg%2BHDXXh2CaBplVRcHwyF6Y9zOLwEVV6qL4JBekPeqYo2JsL7y1fEb%2BirfkVOZ1qHxMwvjq4Mwrw%3D%3D%7Ctkp%3ABk9SR6r-z-6VaA
iPhone 15 Pro Max 256GB White Titanium Unlocked Opens in a new window or tab,$622.22,Free / Not specified,Apple iPhone 15 Pro Max ·Unlocked ·256 GB,https://www.ebay.com/itm/318882061613?_skw=iphone+15+pro&epid=17062769388&itmmeta=01M2QEKZW44JN8XPE1DCG5GYC3&hash=item4a3eda1d2d:g:uesAAeSwKkJqq7uk&itmprp=enc%3AAQALAAAA8GfYFPkwiKCW4ZNSs2u11xDfn9pgAPzB6WHCagoC6jQErLxcgjNKTnQOQzoEa1chdiZmu4pjkDFS8GkftkVB0HDjXEb9zhNY2a%2BQUBxM78wSe9dklfA8Ft15hxI8a76W7NQCEyhWiMX1gvoG4LqVE2USXfAfdfr42GroyF%2FRyWpcVfhrUpa8FsiXvt5QwziV7rEQPzDI%2FjhudiVLZOZC0skrfMYR4%2Fds3p%2FDKXv5iRwb886bUSzcd5l0dGdfXebf20oi3t0cBdAffwifsEn2%2Bnkd3vLsrYzWSWJY5qRsYhPEB3Nf3gb0pQZxYT6hKLpQzA%3D%3D%7Ctkp%3ABk9SR6r-z-6VaA
Apple iPhone 15 Pro Max 256GB Natural  Titanium Unlocked Very Good  E sim Only Opens in a new window or tab,$695.81,Free / Not specified,Pre-Owned,https://www.ebay.com/itm/236973048199?_skw=iphone+15+pro&itmmeta=01M2QEKZW47AHYMHZNN5C32QV5&hash=item372cb1c187:g:Qy8AAeSwmaVqazik&itmprp=enc%3AAQALAAAA0GfYFPkwiKCW4ZNSs2u11xBQBs40Qh%2FH68NcQvl4wlgtXbZYonWeMLO7gWVjvvN7JHoaFup4dj3FCKf9tDVV2RZTe1sqWMbyWonVgFzeJaDZgok%2BOygfMQaXBkmR0rqaWS7Hp%2FzcLX95nidqg8srxZ4aBpdcOrZ4e67CEQXXcZKevYxVo0df8ClNIThYtUmXmWC%2B0QL37fqpY2k1Dg7igKPERESrJuGmrdhiCXaE4L5AD29bVYKWMj4J%2By3fiY4AoZqy4RQfQeVAOkH19pbJzRo%3D%7Ctkp%3ABk9SR6r-z-6VaA
"Apple iPhone 15 Pro 5G Smartphone 256GB Black Titanium ""Free Shipping"" Opens in a new window or tab",$710.07,Free / Not specified,Pre-Owned,https://www.ebay.com/itm/178415858909?_skw=iphone+15+pro&epid=9062807170&itmmeta=01M2QEKZW4XBAM5ZPQ2WTW0SYC&hash=item298a69f4dd:g:SjgAAeSwjh5qjriC&itmprp=enc%3AAQALAAAA0GfYFPkwiKCW4ZNSs2u11xDoEgUbehLt2gVgYV9d9PGf5RNX6KBSb%2BNtMI%2F5m6C0lJd1dSFkde58N9QD4ra5DQKirHLbTDJ73zx8lUPTVibVFMCQU%2FWzhqJleRoAypYS%2BJub7DmFhqnYOefCyxTP%2BaytC6QNu3lzf8dXL3HPqL1KHT3c67L57DORn1lNdMjsyJbl6RHwbQVIik53slDddVRSiYEuwvaGwZ%2F9ngXdrwqdnvhSCHzdsPoR4qB1xgjYbmVBc2R7yKeVqYEUF5uf998%3D%7Ctkp%3ABk9SR6z-z-6VaA
99%N ew Apple iPhone 15 Pro 128/256GB Unlocked Excellent Condition All Colors Opens in a new window or tab,$543.36,Free / Not specified,Pre-Owned,https://www.ebay.com/itm/407045037104?_skw=iphone+15+pro&epid=12072564491&itmmeta=01M2QEKZW4W5Y2A5B5HHZ5F56R&hash=item5ec5c65c30:g:BacAAeSwPuhqQc6v&itmprp=enc%3AAQALAAAA8GfYFPkwiKCW4ZNSs2u11xBRVYSceEbSFl%2BLNC5TJmPpAD8ZbeCDEuNlWaahQk03AFoKHukUyqjs%2FA81%2Fd1rDZ3rObcMcLnIY8V%2FwTyc%2Bvdbom4%2F9n3RWLvLEBXyu9ZOHmRUWGIot%2F9I4n0NYaChbnUcn9sNbPa8jmgMryttkJkm5T5ZuX7VtZqLyqxrHZyTvRKcQ15QjsUbuyOdrV2BNprvB0cl4JnmWRaupu0BaIaUeQYKPJJD4pye%2BWuXrWZGeA1rTffx%2BDdn9LQf68CbiFbZ4ShJgkyruSver3LywC%2FSlz%2B4g%2BGghJ9hdbDZM6bhtQ%3D%3D%7Ctkp%3ABk9SR6z-z-6VaA
For iPhone 17 16 15 14 13 12 11 Pro Max Mini X Xs XR 8 Shockproof Clear Case Opens in a new window or tab,$3.95,Free / Not specified,🎁 FAST SHIPPING 🚀 HIGH-QUALITY 🏬,https://www.ebay.com/itm/134750163635?_skw=iphone+15+pro&itmmeta=01M2QEKZW4GAATJVWQDC0AGDWS&hash=item1f5fbc52b3:g:Y98AAOSwGAhftuuC&itmprp=enc%3AAQALAAAAwGfYFPkwiKCW4ZNSs2u11xDPJz6Q9XxOexct%2BmMHuXEEoYtEH%2Bmh6Ue5EZWQDJX0B%2Fhlb5hBxQfDkGFH7pffRSElJEo5hqrhTONNimK5vY0mIEMTgwETZCLbbCsbLVBHTHkQkqLPv4JDsRndfKpMwXBl%2FqjDrDiglOJ9J1zIz1F5QyaPGDxCWKCMShNADfKa94dWIqKnpmrckRVMWxKAfFy8jE9f2zdD%2BdmkYnV224YIj0lYUrRGna16nmeqjX0ptg%3D%3D%7Ctkp%3ABlBMUKz-z-6VaA
"3 Pack Tempered Glass Protector, Anti Scratch, Bubble Free for iPhone 15 Pro Max Opens in a new window or tab",$10.99,Free / Not specified,Brand New,https://www.ebay.com/itm/186782295298?_skw=iphone+15+pro&itmmeta=01M2QEKZW45W3CFKYC7697DTMH&hash=item2b7d17a502:g:j7YAAOSwtwJnNZ6B&itmprp=enc%3AAQALAAAAwGfYFPkwiKCW4ZNSs2u11xCnRxns%2FfVhcq5OFRNRrxOzlaPllTDUd7QkRlXrT9hr7ut4vQE93JRUJtyeD1KlsnnC0g3XXffwPqYlyZEQD%2BbGqkNVO5mikjnwDmAojTw0st6t670tuLw%2FYeVrVALeXXMPApxf%2Bm2hcee6U%2B%2BY1qwz899hYwJemgvxIijQN37uOAcTsxcyPhHajFtNTZYg66pJxvtnsWhfyLluedWgEJAjMeyHifyacRWSkiWHaSVBag%3D%3D%7Ctkp%3ABlBMUKz-z-6VaA
Original 20W USB-C Fast Charger Opens in a new window or tab,$3.98,Free / Not specified,Brand New,https://www.ebay.com/itm/167245777830?_skw=iphone+15+pro&itmmeta=01M2QEKZW4YWDDGCVRWT84NEK2&hash=item26f0a00ba6:g:KCIAAOSwfHRm46BH&itmprp=enc%3AAQALAAAAwGfYFPkwiKCW4ZNSs2u11xBQ8EiYuNo0BmOSLuZrP7zE7fkVI7bnB3Uvm%2BEZVT3WxuZt0kaclZ1nCLKwbpRKruoFnRkWjmItpR8OkgCRK%2FgMnqafG1MJILv7WLzHDPBnllAHyPIhKTmJik4gjVVyHzggPf87rapUbAmnDMxIouvSGb5N7lko1qs35hR308mEKo5RrCI%2FnY525Ga8GA%2FUA2YssbXBBOqkZIcaM6oLRLNZXntR0KtV%2B5Lga8b%2Fw0ztnQ%3D%3D%7Ctkp%3ABlBMUKz-z-6VaA
Apple iPhone 15 Pro Max - 256GB - Titanium Black - XXL Lot - Condition LIKE NEW Opens in a new window or tab,$768.16,Free / Not specified,Excellent - Refurbished,https://www.ebay.com/itm/135841293300?_skw=iphone+15+pro&epid=3062772385&itmmeta=01M2QEKZW4E9JCWZBFGEZC66NQ&hash=item1fa0c5a3f4:g:xHkAAOSwi7VoL1fm&itmprp=enc%3AAQALAAAA8GfYFPkwiKCW4ZNSs2u11xBI6Tm%2BbINBB28RYLUPEwaTlVvPzxYzn6V0xi9P%2FG2JFIXMdYo7xe%2BMbU5stLBbQMus5SM5%2FOZrW0MyVpGkIz03BFHTzB7U8brM8ZlIUyv%2FjwIV4Fw1CJRQSBxcPsX0lkz0JDcdD2CV8q7yYKtzpFRKVxD0dX%2FQNd32%2F2qHV%2FZZbbgU4VCxykmQdQ1KpxVnGzEvXt64jKgpktxczMyLn%2BPSzxWEMy8MP2x6M6EBrA8HJBgU%2FVpwRq0R0zD6O9jNILFsK1CeGE7uALKsAEcXCyP0CRXq1GfDlV5pG%2FaB9r8Zrg%3D%3D%7Ctkp%3ABk9SR6z-z-6VaA
Apple iPhone 15 Pro - 128GB 256GB 512GB 1TB - All Colours - Unlocked - Good Opens in a new window or tab,$596.18,Free / Not specified,Excellent - Refurbished,https://www.ebay.com/itm/178482143445?_skw=iphone+15+pro&itmmeta=01M2QEKZW441HAM6HM5C0G032G&hash=item298e5d60d5:g:Z7sAAeSwBJhqoVUP&itmprp=enc%3AAQALAAAA0GfYFPkwiKCW4ZNSs2u11xCDCDB9%2FGETDBuK%2Bk8ruRpzWh7PRC7uPRpVE9SB14B1M6vKYDdOidAcEiUw6fEqVlGKogsS9QvkAS21e5ttaafwmwdhE0LgUs2BoC98k79ZggMCJYl1cMOiR%2BIwbTrasXPuDRzYExoVyEn9gi%2BUphElgdugITZUzIPf9k7Ac6nP1yeNgcFnv3eAfhlzChG11Tr85D2Rd9lzuzDNZSzY1jV7jRqnoojhGz9i%2Fuzw7wf8WkP%2Bav4G0eEfjUCO1s17VNo%3D%7Ctkp%3ABk9SR6z-z-6VaA
Apple iPhone 15 Pro 128GB 256GB 512GB Unlocked - All Colours - Very Good A Opens in a new window or tab,$753.34,Free / Not specified,Very Good - Refurbished,https://www.ebay.com/itm/205762200193?_skw=iphone+15+pro&epid=23062776824&itmmeta=01M2QEKZW4CV1S7ZSHBDCDPJCS&hash=item2fe8620281:g:LPAAAeSwI11o39KW&itmprp=enc%3AAQALAAAA0GfYFPkwiKCW4ZNSs2u11xBdiFB%2FbSrWttAY2eiVGq7jlkxCt3U%2B9MkurizqG0APfcak4nQf881sVLmp%2Fxp2HlJXIdnHue8JwHC%2BDCPz7rc0vlSK33oPRJscmotXu%2FOdNtFAsNuqLSEqnLZr4aMAK%2FblHcGuy80L4fCs8w2SySg1ThpODCUGH9wQ89pEz0eZo46H82rOqrbsB77HndZuchlrmKgdX7nl%2B%2BNCZsEyv%2BG2MJ%2BkjFDD8Ev1m8PS%2B92uKCguh6AiXcStGVpIfOAD8Ic%3D%7Ctkp%3ABk9SR6z-z-6VaA
APPLE IPHONE 15 PRO 128GB NATURAL BATTERY 100% 12 MONTH WARRANTY Opens in a new window or tab,$629.43,Free / Not specified,Excellent - Refurbished,https://www.ebay.com/itm/137728119061?_skw=iphone+15+pro&itmmeta=01M2QEKZW4XQTD2RP8YCTH6CRQ&hash=item20113c5115:g:IiwAAeSwRrFqpSKj&itmprp=enc%3AAQALAAAA0GfYFPkwiKCW4ZNSs2u11xDsl5pRGt%2BUZErgWyEndl1xj5qCgAvxOvBRweTr1vwqzEy2Y0jKtADz7jdj%2FXMCqaLBCO6%2Blj6h2VLFzMl0Cu1gqRmTpCwn4EOqy0%2B3Q7DGU1nG6JLRpFNMLdanx3Zks040owktqS3LEgqMNMy%2Fcd63V0CrbMAGdztJXNnD0Mf3eP5BQbXTK2Lwt4wNDkYqF%2BMpQY%2B4RUUWJWYKB4sr5AqBv5vc303iOuC%2B1OcUXM5Ow2f6X2T5InHfVt8fmThiFeg%3D%7Ctkp%3ABk9SR6z-z-6VaA
Apple iPhone 15 PRO Max OEM LCD Screen Replacement - NEW Opens in a new window or tab,$220.00,Free / Not specified,Brand New,https://www.ebay.com/itm/398394025132?_skw=iphone+15+pro&itmmeta=01M2QEKZW47B1C6AKZM0Y6CPXM&hash=item5cc22264ac:g:VWoAAeSw-cBp0HTP&itmprp=enc%3AAQALAAAA0GfYFPkwiKCW4ZNSs2u11xBN8yV1GSHR3ygMaJOzUWDw89vnFAf0T8hxnLATjTAxJNd%2BA12E7QRtjSS5UFbKPU9Yr24tYNMP7pDvIpTm2W3CrHTEYV%2BDyscZfbS7ZMNM%2Fmbpe%2Flv9jP%2B8WqDPzHqHvofKItnS21XGhLjE8iO15Knf3bZjePnZqaSM9S5%2B1k7ZmAfOqK%2FF5P5l%2Bn8sMYR8TcMqbk%2FVsjbdiU7gIiykX3tOFec69jdMfoEmu7C8rCeNgJK0T6JB1D9OLHBu7vPXjU%3D%7Ctkp%3ABk9SR67-z-6VaA
Apple iPhone 15 Pro - 128GB - Natural Titanium + Invoice + Warranty Opens in a new window or tab,$556.05,Free / Not specified,Pre-Owned,https://www.ebay.com/itm/377269010792?_skw=iphone+15+pro&itmmeta=01M2QEKZW4VQ44WY33R1ZNYJ74&hash=item57d6fc4168:g:ofAAAeSwpvJpqw~X&itmprp=enc%3AAQALAAAA8GfYFPkwiKCW4ZNSs2u11xAU1TOaQc3uhW0rO1D39aTwBRhQNGvMICtStWHaXsU9U%2BXpCyRZc1no7R9lCO7eZljuCAGluYJFoabMlxACts61je10TN7mG4PknWAfzIXJwM3JTvKqY%2BqzJ68IHDbUw%2FdXdCTTkk4aXOVj2V5WpS27wPpc6CHuf%2FaY8yangMhR%2BIDX0KypCMJK%2BFR4paz8pgQtxr%2F6gOjm1G9qYQQboZta8odSf8wLfQ5Q%2F79h54leHRIrSg0pjdil%2B4S9tNoQPopiTv5XLdmYRyN8fzbDwufsMKoRU08IBnwZddqpws50lg%3D%3D%7Ctkp%3ABk9SR67-z-6VaA
GENUINE💯Apple iPhone 15 Pro Lcd Screen Original/Genuine 🔥Grade A Pulled Opens in a new window or tab,$307.70,Free / Not specified,New (Other),https://www.ebay.com/itm/257355585788?_skw=iphone+15+pro&itmmeta=01M2QEKZW4S87C5F0K3J2EQVP2&hash=item3beb9698fc:g:UvwAAeSwz2ZpjKgh&itmprp=enc%3AAQALAAAA8GfYFPkwiKCW4ZNSs2u11xDZhPPvRufUd2cxq4n0%2FQq%2BtG%2FRORSADOPBEXs9HsfSHbAF9omOEIscbIlPoy0tnT2RJkMzowsqHVi3Pgct3VDPyoW1max%2B0KRoVB2%2Fab3L4MQx3SSVn2fe78OwW%2BhcDlOKNpy5naUNbZqSQm1fcmpr55DGdYCSw0EJIBB370881pKZrI8%2FCLbtTtSOj%2BSy0l5oDusJRrznHCJveuSUzg46P2zXxX6gnwStl4O7hx2epmaj6N3P4hPuoQS65UNsgcvYt0VevMgtRgtVK9n1cAgZi71FrCFRhL6yvKTmHMsxsA%3D%3D%7Ctkp%3ABk9SR67-z-6VaA
iphone 15 pro max 256gb titan schwarz Opens in a new window or tab,$630.58,Free / Not specified,Refurbished,https://www.ebay.com/itm/366668447475?_skw=iphone+15+pro&itmmeta=01M2QEKZW47Q5PPE3SJ91ADY43&hash=item555f247ef3:g:AzIAAeSwZjhqpFWe&itmprp=enc%3AAQALAAAA8GfYFPkwiKCW4ZNSs2u11xA56c65aw5X95s5zITisoNLAFQsJRHdogDOdFXWqUnHzOP3yyIqlQNzrULCP3wyjoWoL3v9Pi%2FEfFn5wmLxB1OQG3se59KltyOiWEq44iVgNd6zYGkZRqfWH8zKqEu6xzbxQvQq1TMb2gQuwxiILJ2MdCJM24Pvxu9aH5PRIcZKRCrNYZcyb%2B40CJUijzcyJBsJ2cLwBbR4JAyyhGjHbqeWsVlkZJFw1JxTliLicialxVol%2F6G1K2cxg0hIzCE8zNM4HZOqVgATMseDUr1v81TdcjAeXWllDQln8y1KgImmvA%3D%3D%7Ctkp%3ABk9SR67-z-6VaA
Apple iPhone 15 Pro -512GB - Blue Titanium New Unused A2848 Great Deal Opens in a new window or tab,$859.88,Free / Not specified,EXCELLENT DEMO UNIT ZERO SCRATCHES LIKE NEW EXCELLENT,https://www.ebay.com/itm/178332119386?_skw=iphone+15+pro&itmmeta=01M2QEKZW419T7VBD7K30BN4HH&hash=item29856c315a:g:r1wAAeSw0VtqX8rf&itmprp=enc%3AAQALAAAA8GfYFPkwiKCW4ZNSs2u11xAiixTUOGxuxrXTGoJ5A3JAgrXZZERRbPR7n2IowmVULC4%2BV1FabM%2Fe%2FKjJt%2BbkAEjd2y2GFgvo9F9KU2ZmUwSMKhKIItCqm%2BVMPeE2Pc2bp6xDxFhHXB%2BXcJQzOL1chjGWl5LjoOaI%2BMfJjPzyVmSVHBxBn9SObdobNkRUMhZF7IZ5qTAAv%2FkOwIlG5kS%2BtWla%2FJ%2BzNfYsFSzYzRmneLY79nxtD60PVsp0HrbB7jKgZz3aloTaqJD9lK8BRjrNoI5631JpqfWXyhJazeT1i9AH15a9Yc42wqxmOg%2FF0brU9A%3D%3D%7Ctkp%3ABk9SR67-z-6VaA
Apple iPhone 15 Pro Max - 256GB - Titanium Natural + Invoice + Warranty Opens in a new window or tab,$686.75,Free / Not specified,Pre-Owned,https://www.ebay.com/itm/377455639192?_skw=iphone+15+pro&epid=13062760901&itmmeta=01M2QEKZW4QJMN579JJ8GJWKZD&hash=item57e21bfa98:g:E9wAAeSwdYJqEp9O&itmprp=enc%3AAQALAAAA0GfYFPkwiKCW4ZNSs2u11xAX0NURRUNh1omaWxum25LS5Ou6oUHiizYsrp%2FXzVQFRWY%2FCUNsfnpKnc4mHqehFH%2BMg2t3cxT4sqgfzlC5Jn2EyviyUq4YaGaFUa%2FW5GBxzDiVRbRmSKEpJvmpmtMnNhoTLzWCauM%2BJ50hnLg9CTonhICrgaiB4OJfDrEsswcPyNsLUZAT6weg6MWFflGCpT1Wm449O46IPOIkiip5L5JrNKILYKfCFmmjhFyv0Q4GI4mZyYQi06LfadoW5hc1qcg%3D%7Ctkp%3ABk9SR67-z-6VaA
iPhone 15 Pro Max Screen Protector/ 15 Pro/ 15 Plus/ 15 | Spigen [GLAS.tR EZFIT] Opens in a new window or tab,$18.99,Free / Not specified,Spigen,https://www.ebay.com/itm/276043885795?_skw=iphone+15+pro&itmmeta=01M2QEKZW5MCDWGW54XMR2R43F&hash=item40457f6ce3:g:RBQAAOSwNYRlAD~s&itmprp=enc%3AAQALAAAA8GfYFPkwiKCW4ZNSs2u11xAWSY98wmeu4%2F5Zt73jK7kbkIwmUJu%2B%2FFoALZIg0ElwSRxI7OWje321PmEbvKYTTGVq7iLshTtyCsCGD4ob%2FrirDMpJfMILeIaAOoA%2BEcOaHTKo3kCm%2F3yrGQt3M4lN%2FCjsb%2Faqipr%2BS0%2FN4iVCsG6NP%2F1iggqNXBqMBzJ%2F7ZrAhw%2BJc52W4zfJJgrZl7B0Cq8NVpLBvXjuwrqM4t1NDd0KhCPTUTYCGqyw1ajYGYjSiayu%2FxlBTjOcLv4aiHluSkoY2p3ajZdMfE0G3qO5rGAejI5FNYH6pHYO7mhiXRTKaA%3D%3D%7Ctkp%3ABk9SR67-z-6VaA
Original Screen for iPhone 15 Pro Max Calibrated Sensorflex Refurbished Opens in a new window or tab,$283.07,Free / Not specified,Pre-Owned,https://www.ebay.com/itm/137646578361?_skw=iphone+15+pro&itmmeta=01M2QEKZW5CA2Z55GN8R0Q16WM&hash=item200c601ab9:g:lE4AAeSwGFpqiB78&itmprp=enc%3AAQALAAAA8GfYFPkwiKCW4ZNSs2u11xBzIEuwKJ5jyLbN3NabFSLj7zfreP01liAOlE21sNpWS7rCssFo6I%2FMpo1s8gYCq3UIbaLmeqyAsCZY0abILx0IJFHOmqOGWzgnAPqH9eEqQynCNCMUyw6VN7sbPfM630rFptFscckeC9Pb0xC3mRoy%2FyHkUZGu7TAp%2B6VxKTigC%2FxQsjixCeI8IgBPRDndf3qlL5PEr0t9wvEZlW70yGQH8bVsPfFFSKlREc2yz8edVkcpcZmH0LlsOnbnxqEH5KXbcPZVHAlnBaGWOePc7MENcKOI2%2FOTf3LLvCi1GfOonw%3D%3D%7Ctkp%3ABk9SR67-z-6VaA
3-Pack Full Edge to Edge Coverage Tempered Glass Screen for iPhone 15 Pro Max Opens in a new window or tab,$11.99,Free / Not specified,Brand New,https://www.ebay.com/itm/176726188810?_skw=iphone+15+pro&itmmeta=01M2QEKZW5PB59VWVJD69THKND&hash=item2925b3a30a:g:cW0AAOSwDPtnVh9j&itmprp=enc%3AAQALAAAAwGfYFPkwiKCW4ZNSs2u11xD7ES1%2BptniDm5aUtbFihcRt9Q4CxbIz8ePXwvSEQPsZiHJHsAhEP9TvBBo%2F15djlraCYlZMHIBCLOTJ16GZJiwR5IhgxwZ76DhV%2FKeOFLcXT7SM8uhl8rR%2BUjjvLGT9adHUviaqO1SBRBsXl4ZfZxUAFSAE9EQ2U31WZvZGKi8lnAxFXb55TsSh1GmVaqf0xvuVfOD3yXwM%2BsSXp1jZqBbX8aHYP9iZWKqXz0lHOrQUg%3D%3D%7Ctkp%3ABlBMUK7-z-6VaA
Liquid Silicone Case Camera Lens Cover For iPhone 15 14 13 12 11 Pro XS Max XR Opens in a new window or tab,$3.95,Free / Not specified,✔ USA Stock Fast Ship ✔ Premium Quality ❤️Holiday Gifts,https://www.ebay.com/itm/134028741616?_skw=iphone+15+pro&itmmeta=01M2QEKZW5H0BZGX3BM9JB2TT1&hash=item1f34bc4bf0:g:b20AAOSwGypf3RNL&itmprp=enc%3AAQALAAAAwGfYFPkwiKCW4ZNSs2u11xBZFEG3ILwxXZg7GE%2FVzfbBlDGkZVnkS%2FWVLDJstGmT%2FOb7tqkqwQVRimQcN2AGnCe8s4E40hV43J0szlb0raALotKoRsrotrOd3ohZu5OBm7c1D8lx3Y32xOyaLseBNwad3K%2FryxU2ySXMcdPMXct1mn4gRZQsuyUCALIfpEiYTzZrCo96ZDfk2jUVTJBnhAWQc9R3viHxEwd%2BWyasluvFXTALFGIKJyBhye6i4uqxYA%3D%3D%7Ctkp%3ABlBMUK7-z-6VaA
Cell Phone Pouch Case Waist Holster Vertical Leather Holder with Belt Clip Loop Opens in a new window or tab,$9.95,Free / Not specified,Brand New,https://www.ebay.com/itm/156322199731?_skw=iphone+15+pro&itmmeta=01M2QEKZW5B85DW17GP1JVWFGR&hash=item24658778b3:g:bD4AAOSwmvlmL1wi&itmprp=enc%3AAQALAAAAwGfYFPkwiKCW4ZNSs2u11xAp9Y5c4IDRmJsBf4c%2F8%2FtPenb3HwkUq%2BC2TTH4OlLvKpH7Oo6qQlnozWmdsQOkCZD%2FUe%2FWXNw5sWSIOsUJCCvjUBgkdUHer%2B2U4M8M89aAX%2BSe%2BSGieda3mZYGBypE%2B%2BEI73z%2FauzDumZNy4orOmv0zDyJ2WEgvjdSQ5ElC7nKZIL9HanFcDKndyjl18Vfxas8t8larRETE5XOJLWz2gJbXH0jsaO4pTvkmApyOeqrHw%3D%3D%7Ctkp%3ABlBMUK7-z-6VaA
For iPhone 15 Pro Soft OLED Display 120Hz Screen 3D Touch Screen With Tools Opens in a new window or tab,$67.43,Free / Not specified,✅Face ID✅True Tone✅Chip Programmable✅DE Delivery✅,https://www.ebay.com/itm/406861207639?_skw=iphone+15+pro&itmmeta=01M2QEKZW55N3W7J39VXQN4BPV&hash=item5ebad15857:g:LjQAAeSwrkRp4KmN&itmprp=enc%3AAQALAAAA8GfYFPkwiKCW4ZNSs2u11xCd7syIM92JJ63sk%2B2u7pYoN6O4LvtYFTNDv14xjdnQy3ZYe8UtmbN%2FXGnzyowUs0Dpbm0HwPOxE25w%2F4JbtiTvQrFtDT4NkwfbIea%2Bsdag5JgQnphHJaHJv045ce0jDLmPBh6a7tkbNuFkN99GbkPtiOEWjpWiNzeC8f8Pd99rvwW%2BqqrCZhkQvw9hpfK0l65Yhe6z0M6HItSOPkkTkIWhfn27GutuR85bwcREp0KDXOVxh8J8bU1TxWgomgnGaD7zM0WXtbc3yRSL2t0WJROflRWqZosfmaAZB2BFVC2wcA%3D%3D%7Ctkp%3ABFBMrv7P7pVo
iPhone 15 Pro Max 256GB - Mint + Box + Accessories Opens in a new window or tab,$744.08,Free / Not specified,Pre-Owned,https://www.ebay.com/itm/800645863061?_skw=iphone+15+pro&itmmeta=01M2QEKZW5YGRGGY32MR1QXQDN&hash=itemba6a365695:g:YzIAAeSwHPVqpANN&itmprp=enc%3AAQALAAAA0GfYFPkwiKCW4ZNSs2u11xAKqjRsU64FZsiikWZ7peyiuWqnxyllwZIbHJz3dgvofRjeu%2FQe2wQTvxDAnFHIc%2FC%2FOPazU90UzlUEpu1chye4rjXn5ucC93tDWZWbFh8NUhvodw0K84XXu%2F1jkYUFLHU0OxYfSpMe7ysjMPHG0vY8MTdbQuPAVW96eHN47PfEUTgl9qzBIbquREnRzgmiVauwjmRJEqNV0um%2BHTxpRzZcfvgkgl0fmf%2ByZVIP7MPqzXNYK9Iied%2B2UAWTandQHog%3D%7Ctkp%3ABk9SR67-z-6VaA
Genuine / Official Apple iPhone 15 Pro Silicone Case / Cover - Orange Sorbet Opens in a new window or tab,$48.83,Free / Not specified,Apple ·For Apple iPhone 15 Pro ·Back Case,https://www.ebay.com/itm/375510430030?_skw=iphone+15+pro&itmmeta=01M2QEKZW5Y0XT3B9FH58HWZ4N&hash=item576e2a714e:g:hIoAAeSwY5FqMn9K&itmprp=enc%3AAQALAAAA0GfYFPkwiKCW4ZNSs2u11xDHk4A5n550Yg8qMl7Ns4bpP53soFUpcSww6%2BLKbPPOVNjJrgjXhMQ5sIgNWtV2zczcEu0ZCCtgZ5kFNsGtU3WgB3zBcIRCIqjeIGJMbTD5HlQ4yNUMpQ9jODeSPanqfNem1KWX97SwIgfPrByt3DrOPg%2F7lSYMf5hUcdCETjG9B56kGSfriNQgfD3UeTKHgfz81nbcgXMk3HjrJQ%2BHvK%2Bb%2B2LLEbzWfyk5s1%2Ff%2BlCn6WH9V%2FztgR4Z4Z8qyJhhif0%3D%7Ctkp%3ABk9SR67-z-6VaA
Apple iPhone 15 Pro Max 256GB Black Titanium Unlocked Very Good 12 M Warranty Opens in a new window or tab,$729.26,Free / Not specified,Pre-Owned,https://www.ebay.com/itm/236967072766?_skw=iphone+15+pro&itmmeta=01M2QEKZW5YRRRCG9VJ902X2B7&hash=item372c5693fe:g:mQoAAeSw46tqZ9c8&itmprp=enc%3AAQALAAAA8GfYFPkwiKCW4ZNSs2u11xA8tH4CcLQD4fDWftJzokXULmgr4zK%2F2kQOxME3lHuyJf%2B5%2BKpsR8y3WZJCZIXL8gvY6ZwQM1IedxZML2u5EQoeeSho%2BPJoYdb9CCDbWev%2BXzlx%2F8PaZdfqTH8dN6Hy6qJulkDKj27K9MEP%2FbwjWSrsj%2BBzX8yPemY8whtBZy8XbXNbLjormJDF%2Bhl0yO1ZK5jNpNzc%2F7Gs3CWLzNZxeVA45aGNOylCRS3W5of%2FO1gJa33jWZfzF2PopScO2B4aRdv2hnUTis17YQa8JKk9gcfziP4DlE%2FqEvfoqLRqj4Bbqg%3D%3D%7Ctkp%3ABk9SR67-z-6VaA
Genuine / Official Apple iPhone 15 Pro Max Clear Case / Cover - New Opens in a new window or tab,$48.16,Free / Not specified,Apple ·For Apple iPhone 15 Pro Max ·Back Case,https://www.ebay.com/itm/167797755747?_skw=iphone+15+pro&itmmeta=01M2QEKZW51TYMYAW7JESKERVQ&hash=item2711868f63:g:MFAAAeSwuXtqqcvI&itmprp=enc%3AAQALAAAA0GfYFPkwiKCW4ZNSs2u11xAWwqsHE%2FqpY7nDDiVplMYTEFZ0aw%2Fa1YoICT%2BtfyrjiXCGGPWHlo8hz0qbKrNiz1fnj6xOjxR0%2BMkjqiY2gHQPAsIO0e3U%2BuQCnqoi8rV1bZ6eyRM2aGlaLksWj%2BqKTatqceOt0eu%2FqOg1ydca19pujf4AmNXAPzvj3C5hsZeaIpp4qGLoq3EZADPnXgO8P205XSezYyzQgCMN2PYDTGzahcZImZ9GCGUgC7DtL2VGgro6oyW1F1NM2LydGMT6xrM%3D%7Ctkp%3ABk9SR67-z-6VaA
Apple iPhone 15 Pro 128GB Black Titanium Unlocked Grade A Excellent Condition Opens in a new window or tab,$642.29,Free / Not specified,Apple iPhone 15 Pro ·Unlocked ·128 GB,https://www.ebay.com/itm/236928295108?_skw=iphone+15+pro&epid=19062770054&itmmeta=01M2QEKZW5KHSNXJAV5VV7E0AS&hash=item372a06e0c4:g:-QIAAeSw6xZqUDVY&itmprp=enc%3AAQALAAAA8GfYFPkwiKCW4ZNSs2u11xCh9tbcRv01yUJfwaFjtyqY8vntZgqxGaTwo3HtLEs6fwdvp28JIshqN9z9Bcp40gBm%2F23zOEGE3WhHsydq1HFR7ymCqDJbuWJKhLuRzIt3fwVH3GUFVsuXaAVr1eV3VQZXCZhIUHwvbGwKUOUHFvLVO8SB%2F0AqUW61q5LbMqdPaCehqSBxPz%2Bhnt%2FH17GDiEJOCaR9yHPB0E1aod%2F4UyEfGvSLxl6dCJ6drpCh2P4r4W%2FoNMulPZizS2z7mMiGNo03gc%2BNJh0c1JhsCYDeWf3snGZrm33XgPHbdHP%2BmdDzIw%3D%3D%7Ctkp%3ABk9SR67-z-6VaA
iPhone 15 Pro Max Display USED EQUAL TO NEW ORIGINAL APPLE PULLED Opens in a new window or tab,$296.94,Free / Not specified,Pre-Owned,https://www.ebay.com/itm/286693938698?_skw=iphone+15+pro&itmmeta=01M2QEKZW56HEZYPQYEJVFWK13&hash=item42c04a560a:g:yU4AAOSw9BdlsAFu&itmprp=enc%3AAQALAAAA8GfYFPkwiKCW4ZNSs2u11xB1SM77TsTMlDsxDJdlL4IR%2FGNzbKMQe6v2phn%2F8MRlMbLO0vu5zRBySKMVuuaLnouajBpGD1RTNbL9sX52Z%2FEkGWEQt2vNgUUtFF4ZOmFQGAlDILz7luQPbjjeKwdDk3KDw4wxcoWnrNvCedime6dvbwQUyMc8w4JFJw4Qvb0uP3h2yeVgVbynuEw2gKBo2EPErBlKDZ%2B4f2tUaYHonRd5qzMVelsHrDuwaAsHEKuyZWDzNsHfQo26LMIfjTQBObQACLrgY%2FmZVEmWp9sQa3E4NeCl8%2Fusm4JF5YMDvRSh9g%3D%3D%7Ctkp%3ABk9SR7D-z-6VaA
iPhone 15 Pro OLED Equal ORIGINAL Display Touch Screen LCD Glass Screen Opens in a new window or tab,$62.94,Free / Not specified,Brand New,https://www.ebay.com/itm/156509194413?_skw=iphone+15+pro&itmmeta=01M2QEKZW5RB0B29DKPAGT41DJ&hash=item2470acc8ad:g:a7kAAeSwo-lqqlGZ&itmprp=enc%3AAQALAAAA8GfYFPkwiKCW4ZNSs2u11xDVqrJrCUsY0ZDqZB%2BciYgRS7WGlj8yU0GM1pyzUrw1BSKXPE5sr0aRoww8J7N2DyAwBZyJgECUNQIiMn5oAYVCsRPreICVWrgfGvahAee7vdOrXguN5tZM8%2Fudiot7mAmVfm4PeATylPSP1Yz%2FPdRSGB6kkyCKLhouW9RBl3ltVy%2F58j2wogXxkU8ta5eGmNzahNiFbuK0Y%2BhzPGFNYdC2tY%2Fic3VUJozEY5ZV8%2BLCjX7X0OO%2FRgLFXcrvhJibRpvjqBSccP2QgJxHB%2BAcRzV6qGWy4st6437e1clf4fC0FQ%3D%3D%7Ctkp%3ABFBMsP7P7pVo
iPhone 15 Pro Case Protective Silicone TPU Slim Case Black Carbon Look Opens in a new window or tab,$11.41,Free / Not specified,Brand New,https://www.ebay.com/itm/166341545149?_skw=iphone+15+pro&itmmeta=01M2QEKZW5F55GP0QWERNFYZ3J&hash=item26baba8cbd:g:Tj0AAOSwRa1hSU56&itmprp=enc%3AAQALAAAA8GfYFPkwiKCW4ZNSs2u11xD9YjFGl%2BK7Y1aWdJ7eReR3EvOJKFf9n8b7AYvyP6oUmJYQHQcYHsJ2D5DiUZobRrp7GwzzoS8CKjmS4RTOZY7H4d7P%2FxDQWFuMmVvrv2Q8nrxIDQ%2F6YQvCC1i9a3ngNeUjmfJhNUdgAbTlWX9j4fneiXH8Sk4zH9esqWGegq4KLwBKV%2BgDJuaH5a9iIkQJW7AsNgYe6cPiw8T5K7g23KJVwjNQVqm4xiid99tInPRkXvDlPfw0zt8r%2FI0F89QtnwIUPcy%2FkH97g%2BeP2u4I%2FZQqokyvowmsSpLYjnmt1IDeSw%3D%3D%7Ctkp%3ABFBMsP7P7pVo
"Blackview XPLORE 2 5G AI Outdoor Smartphone 36GB+256GB 6,7"" Android 15 Handy NFC Opens in a new window or tab",$423.06,Free / Not specified,Not specified,https://www.ebay.com/itm/358543323089?_skw=iphone+15+pro&itmmeta=01M2QEKZYCBXJTB726NK1KJ171&hash=item537ad8efd1:g:8AAAAeSwRohqAYzT&itmprp=enc%3AAQALAAAA8GfYFPkwiKCW4ZNSs2u11xAkg90xGyPzCoq%2Fx0cnos%2B4A7uyoa1QaUV%2FpN8Ui7j7EP9ADwsLyj1sYIz1AXtUD3RJobiM1WVlVbpSfyjB5%2BNqjTDw9I43oN%2BmUlud0MkFOVg%2BggAUhFOZPCoyU%2BUOJVH3n2HjSByXos8Hw4Xt%2FTHHgmPxZQs2N6gd%2BnpxbSH6tRAFRBW5%2Bc16jJ%2BFcFnFG%2BS7oWI6wxnqAOWTxGhbuxAnCD7s7sKeK2rj9gxJU%2BrBPydo74i0wcCc9sK3q553MYdJ4vZWEuwenBfIpKBAdt681k0oxWLACauWixlBOfD%2FWA%3D%3D%7Ctkp%3ABFBMtP_P7pVo
Samsung Galaxy S24 FE 5G 8/128GB Jet Black 🔥 Unlocked Opens in a new window or tab,$411.59,Free / Not specified,Not specified,https://www.ebay.com/itm/178108048803?_skw=iphone+15+pro&itmmeta=01M2QEKZYCAVW1XG6K9P2WFF5B&hash=item29781125a3:g:xMAAAeSwid9qJ9d6&itmprp=enc%3AAQALAAAA8GfYFPkwiKCW4ZNSs2u11xCAwIcCNz1fQlc5%2B8VHkW25M98uZtYtQRoW3dgBBgROJVqgdBapZE60GaPshThnlYsiJrmRW4cUIekbe%2FJS2c3llfZ8mSgdhZuOF4AvQxzRKXlHxbmMR%2BCWRAc%2F9bBE3m1PViVmHcAH2QO%2B%2BnClXPBojAvdKN9bwMSlPeeAFtXHca2m5%2Bawc5EbSKVQkDeSOsqxJ7SsG1WGYGIIDvaLKan2Js9Gl1208a4ymcogE3JIqCSiEgGJrwE11iKE9KCRfqVDfBtRDCncdOeIrxoY2tw6zyHoHA0%2Bs8yN%2BFCvikOH1A%3D%3D%7Ctkp%3ABFBMtP_P7pVo
Samsung Galaxy S24 FE 5G 128GB/8GB S721B/DS Blue Opens in a new window or tab,$514.78,Free / Not specified,Not specified,https://www.ebay.com/itm/205191727403?_skw=iphone+15+pro&itmmeta=01M2QEKZYC1710NEYTVBMA2ANE&hash=item2fc661492b:g:sRAAAOSwZ2tncGCL&itmprp=enc%3AAQALAAAA8GfYFPkwiKCW4ZNSs2u11xBqpT4c%2FdRErWcNKqI%2BbtU%2Fe%2BVXBfbIXXhuPyvxL9evnNOU4MoPQJgWj0fgqZpFWNc2mXhtCwonNkzNFBuEGRJ8df96UWmhqwJxSkGID9ZTw%2BdFg49JSdJtnbuN7bPRNeBsOtFUUmWTft4aU9j%2Fnnnunu2SviPpYqmUhveu9JCN%2Ftj3%2BsThQqyCcLYNxIHaKQ%2FOWxqD6R2LAc5Xi1Ky9InO3re3%2BWbG0gdFW0FYtTtjPvfXlzZDYJrX19hU%2Bg2e7CTONsrDejaKPPFCeBEa4B6hd7Jo0%2F6xaaVbiAlCDktPvg%3D%3D%7Ctkp%3ABFBMtP_P7pVo
Google Pixel 8a 128GB 5G Bay Opens in a new window or tab,$434.52,Free / Not specified,Not specified,https://www.ebay.com/itm/204963116988?_skw=iphone+15+pro&itmmeta=01M2QEKZYCW70BEZFH5M9E6GXY&hash=item2fb8c0f7bc:g:OkMAAOSwKXBmzgSV&itmprp=enc%3AAQALAAAA8GfYFPkwiKCW4ZNSs2u11xBZG6FcwJ9u49owu2wWZKaW8rfaoik2eVmV3pBWEgMuT%2B6GJ1lcAcO2ApCF7Dg2AX7DBFgCjDZMuG%2FMJSPtqHdtTOckBEvoK6KhFMh6WG8Vq4fgmCtzq5XjIWD2kJ%2B6t4bEopVF5waKPE9StZIT4HRfUwG6jlNnZ%2FNYrhmeR07V0Qyg0aC6VpBiK4i1PcqeFx0tFIWexbl8q2LI6WRJw5DmDzLBapL7pDMhGqDi3gnq%2B%2BVgeSwK7Q7E7UxXZBkNTfk1fASYHSE6UwU6L4gml3KikF3Pylftahp7VNgxj%2FxA5w%3D%3D%7Ctkp%3ABFBMtP_P7pVo
"Xiaomi POCO X8 Pro 12GB+512GB 6,59'' AMOLED Dimensity 8500-Ultra 5G Smartphone Opens in a new window or tab",$365.73,Free / Not specified,Not specified,https://www.ebay.com/itm/389987609150?_skw=iphone+15+pro&itmmeta=01M2QEKZYC8GQCS0RGCRK3HWGF&hash=item5acd12aa3e:g:7XsAAeSwtPhqXzLP&itmprp=enc%3AAQALAAAA8GfYFPkwiKCW4ZNSs2u11xCX82aQAsh1qpeuhrN8pZjvKdhI2hfqSvh9WFolhEskXIQbxT8ED0z%2BLjUsEwiVA66DugNjwOkWm5BnkYNy25u%2FApkig5a9jKiQwlIyhC25cRXWPJlN%2F4XPCLpu4Vdsv53cpUzIQ6gxMLxxHmFg%2FIvwckHdyFbW9RDmGY9HMTtH3oQZLBoedFUMmK8xgYAdZmJxBbO3KObBHTX0RVVZm2VMcGLrDTaFE0pvlh0eAtZgMamxl5%2F6x95Qzmy8vYanBB2hoXlp4odAyvUU2zy9Bwd3JZp8QQI6sib6iAabA9KhfA%3D%3D%7Ctkp%3ABFBMtP_P7pVo
"Google Pixel 9 128GB Peony, Sehr gut – Refurbished Opens in a new window or tab",$457.45,Free / Not specified,Not specified,https://www.ebay.com/itm/196900490479?_skw=iphone+15+pro&itmmeta=01M2QEKZYCAF5YVYYR0WVESHH5&hash=item2dd82f0cef:g:-9sAAOSwJExnYtdB&itmprp=enc%3AAQALAAAA8GfYFPkwiKCW4ZNSs2u11xCTHdVRL2lB0j1OEA38oGhIQ%2Bw%2BPAYRY6TSjJ1lg%2BEaVUWoAaE5IY5uqg9CD03KXE14bWbW5M6SXSLPsTfPsM88xo7nFZ6Ehs7rXiToQ%2FXb6OiPvQ8mmxEtFBCZZnTlBkppCToiRuwvjJ%2BUtyqFN8U2HJGxJ19HTzfvnVLaWA%2F30FoUB9dVv8JQy1ihry0uoo5twrHq6h01rBverk9WQSX%2BJcIgf%2BcAT1%2Bskg4LaLN3m51OvgiMsfRTQQnekoNRi2sVBqUmLh%2BlJ3L%2FZmuUq2CIURizJvp%2F9SlrMvw%2Baquirw%3D%3D%7Ctkp%3ABFBMtP_P7pVo
OnePlus 13 5G Smartphone 6.82'' Dual SIM Octa Core Unlocked Global ROM IP68/IP69 Opens in a new window or tab,$687.89,Free / Not specified,Not specified,https://www.ebay.com/itm/177223715573?_skw=iphone+15+pro&itmmeta=01M2QEKZYC54CZ98BZ2Q2N3NS2&hash=item29435b4af5:g:nekAAOSw1exnW2ov&itmprp=enc%3AAQALAAAA8GfYFPkwiKCW4ZNSs2u11xByqblq423vf7AOaXNVkjsQw87XJR1qyedmRroK7Jje2jkTGbqTdNOxhO1vhiGTfErzGQO5HeFNmatGeiYnI9EvFtSxhJvhbte1VXAQ6rEb3XTpCd2dvP4w0bwqhrRGntsTHP3y7a7UquHJLtQ6GTUYFkXFqFzLVA0YLd33tfyCVU1IESgFKobHBQA91MCHEvMVyiUbLrX8BAtL1n0NQ0npftnCVNZEDVF77PBLEy5pIH8SS1QZlSHZxqbKrsAovIT0bpatNS4oreclWpB34Zf12YIh1sdZgIGQPBOMHoZVcQ%3D%3D%7Ctkp%3ABFBMtP_P7pVo
Apple iPhone 15 Pro Max 256GB Titanium Black 87% Cellular Smartphone IOS 560 Opens in a new window or tab,$452.87,Free / Not specified,Pre-Owned,https://www.ebay.com/itm/800642581231?_skw=iphone+15+pro&epid=3062772385&itmmeta=01M2QEKZW5XTGF1C5WKHZHQAJM&hash=itemba6a0442ef:g:PpwAAeSwjU9qmXRd&itmprp=enc%3AAQALAAAA8GfYFPkwiKCW4ZNSs2u11xA65EBqMyNaHAnaW1G96hXg2dd88nzjC1GSAmlSvUgY1ZXkBZb%2FWMTBfKD5Y2hPLhZtYyun3BR%2FfGscigsH1DYYb7tsMbK5enDwjtXkvb08U9scLVwXcGQe1EnsxrlpcaMe4iGRGbIGqepHUqy6wcvp%2FHJkYwjGcOTaCB0y6Jot%2B7hjQRb7f8xp0Q--6F2omNYMveacWstFhwYaGDRY3Zh%2F%2BfXQMusXUiOT8vvlNxYoR6ZV2okSBVuurjL2UozsoFHQZwOxeBh31rcf4bj5wPG1AIe%2FMZVYLK34e3kNgOzOfA%3D%3D%7Ctkp%3ABk9SR7D-z-6VaA
NEW For iPhone15 Pro 15Plus 15 Pro Max Original Silicone Case with MagSafe 2023 Opens in a new window or tab,$20.16,Free / Not specified,Brand New,https://www.ebay.com/itm/206126074067?_skw=iphone+15+pro&itmmeta=01M2QEKZW564V26S4XQ9HWZPPY&hash=item2ffe1248d3:g:pRIAAOSw2VFmhhWM&itmprp=enc%3AAQALAAAA0GfYFPkwiKCW4ZNSs2u11xDhKjT5wEcpY6NgBHF0%2FHhtOkcLBdvjpWob5hA979A4UZGR4EoKY3d2BesybpiQ7gYW2NMk2lEq7P2Etk%2Fcwa5T31owzpaujdHGEFzCcesYF%2FhjXF76Sb9WunIRPGGR44GmGoERktnAnTQVEXNu3o5bU8JuuIcTWu9faLUK1zI5E8MbFgQnLncWU7CRAk5%2F9DCJIKD3XsF%2BCrj0xupoIPBzJRejdDE7Sw0yCR6M2Vhh%2Ff1lXqPQsmYiXfMAyz%2B9otg%3D%7Ctkp%3ABk9SR7D-z-6VaA
Wholesale Lot For iPhone 18 17 16 15 Pro Max Mag Safe Case Magnetic Clear Cover Opens in a new window or tab,$4.99,Free / Not specified,Brand New,https://www.ebay.com/itm/305150918742?_skw=iphone+15+pro&itmmeta=01M2QEKZW5AQRCFHQVZSKC6CKZ&hash=item470c698056:g:m44AAOSwfFhlC~GG&itmprp=enc%3AAQALAAAA8GfYFPkwiKCW4ZNSs2u11xALsmKQ3P2dMi5ERDXZTfayJz61vaB28q96JHK5s7CbJOJuimCjeF9X%2BlcM9BLuGoVVxeVeQiHgI%2BgKjRhc68V%2B2Izg4b5eCtk5kNBPKBrgeUl6CO%2Fd7ZKqodVfw7NG1Jt6UbmaxTDiRf%2FZyiHi9NpkODuwjEb5rCITH%2BhTamVdeXysSU3WbyuNQZT5QaENhdSdPx9CwB9TzROfuWHCgkUtd2jsP6t%2BQ8X1n4oqeK7JpiXfMzaffFem1ynfePfiAV6xECxHkzpGHR2J%2BpWQ1SComF6dLlPTbx1%2Fy1bKwAuujA%3D%3D%7Ctkp%3ABk9SR7D-z-6VaA
Apple iPhone 15 Pro -256GB - White Titanium New Unused A3101 Great Deal Opens in a new window or tab,$801.40,Free / Not specified,EXCELLENT DEMO UNIT ZERO SCRATCHES LIKE NEW EXCELLENT,https://www.ebay.com/itm/178332226900?_skw=iphone+15+pro&itmmeta=01M2QEKZW631KRE95BA9FWZ0Z8&hash=item29856dd554:g:PT0AAeSw8QJqX9PV&itmprp=enc%3AAQALAAAA8GfYFPkwiKCW4ZNSs2u11xCPLSrja4g40QOaYbsDlnjPt1ZssLN%2FsRhezWiCKlKO4mlWcfCt7woPWBuFZegO3KqBqIhTbWrG3gmOvepnk7P3qMlSgu1m8MWHLkj4ggXs3RZR6955yRxXdW3E8ypfJjV9cUqKfTDAGzi7z0HlX93PwveRiU%2BJe15wpjVKPohMwpVid8UwRIsZmGM6B6Hm5D2XpJo1U5gZ2qRdwHemeIKtvbsG2z%2BpquQt0ObyyAMwtF83SkVrCJ6LkksXGAKNSA59UZH6TetOYcZXF3dL0xuSjagrra1%2FHAsEZpRQPlD%2F0Q%3D%3D%7Ctkp%3ABk9SR7D-z-6VaA
"Smartfon Apple iPhone 15 PRO 128GB 6,1” Dynamic Island Blue Titanium Opens in a new window or tab",$702.10,Free / Not specified,Pre-Owned,https://www.ebay.com/itm/198645732534?_skw=iphone+15+pro&itmmeta=01M2QEKZW6HEJHK4VR8QVHQ54K&hash=item2e403554b6:g:5AEAAeSw-h9qer8U&itmprp=enc%3AAQALAAAA0GfYFPkwiKCW4ZNSs2u11xAdk1hQkJgHLCYE0Fk2tFP%2BdnTf60wrf57BVb0KiaD5MWJjIWsbry6HsHumboOWnpnmC9atxBU3FziYhbeO5OA8%2BBIJHY3Naz%2Ff3mPeb6D8RNKB2yWFnsHofHLzAEigdXLDl6LPPEKX%2BmnBMae%2BI6UcBWsZeDBMLQCmbbPo%2BlMwFvX7lt1V0QuqkcC1U3RCBf%2Be3Qhib1HIwQ%2B7imSYDzGtp%2Bii9fJC3FQyZH3KTjYiSifJjxYfL4rrEcNRe8o7%2Byw%3D%7Ctkp%3ABk9SR7D-z-6VaA
Apple iPhone 15 - 128GB - MINT GREEN (Unlocked) + Invoice + Warranty Opens in a new window or tab,$426.50,Free / Not specified,Pre-Owned,https://www.ebay.com/itm/377403237491?_skw=iphone+15+pro&itmmeta=01M2QEKZW69R6SZ0Q798NVMHFP&hash=item57defc6473:g:9mIAAeSwYPFqdwWz&itmprp=enc%3AAQALAAAA8GfYFPkwiKCW4ZNSs2u11xCg1qiqBG4f68dJUynstyIBenkDe71oTlxHe%2FdntmwGhjlYwVRlbvZw9sDct2GSkkRXd%2BrWBxglYWDx5%2BRdOC3MlhQX31L2twJ%2BJGcuEr--uCnDcuRTOeiRO4ATydeZSo5vVmp8efIrbZzDiawlNzhz3iEqW5rVW%2BO0QfSUvVhJqZVPb%2FihZsrVNpgQ2zPOQ9YQpq8P9udzJ8E0H0TyyH5SUwapuMjy%2FsHxfT1CPJb2Nrs2dSkbq8FEwpxhP7T5kpp4QnnFr0GhpRgrM1c9ntVStvIUXWGLI9EavBZGOWOQpQ%3D%3D%7Ctkp%3ABk9SR7D-z-6VaA
Genuine / Official Apple iPhone 15 Pro FineWoven Case / Cover - Pacific Blue Opens in a new window or tab,$52.17,Free / Not specified,Apple ·For Apple iPhone 15 Pro ·Back Case,https://www.ebay.com/itm/167324663966?_skw=iphone+15+pro&itmmeta=01M2QEKZW69NMPTBC4HYW9596K&hash=item26f553c09e:g:C~IAAeSw6wJqCky~&itmprp=enc%3AAQALAAAA0GfYFPkwiKCW4ZNSs2u11xDUEABi%2FhLgmDmidHDtp%2BCE5vSrjh3iCQzdSOBQ6CKhEHqYY0x3EFePUMInCP%2BRvWiTpq6on1O%2BxmaoJ%2Bqi1RnRJ0hL527q%2FDXIUBd62phC4I%2FNl7pONRVRQLjx03CfoW02c2CvCoGV0sH7cJaNTsDdloamccsoVmNNhJDNZ1yGqEd4sv89%2Fw3InLTEgHO3OCY2ny41yKdFLh7Hm5J1tLxOXiupTUmWApeRE0XlbDDEyJsgEL7%2FFBO4KrJxlVGQNi8%3D%7Ctkp%3ABk9SR7D-z-6VaA
Genuine / Official Apple iPhone 15 Pro Max FineWoven Case / Cover - Pacific Blue Opens in a new window or tab,$38.79,Free / Not specified,Apple ·For Apple iPhone 15 Pro Max ·Back Case,https://www.ebay.com/itm/167929731745?_skw=iphone+15+pro&itmmeta=01M2QEKZW6CX0FS7SXZ53ZY94W&hash=item2719645aa1:g:ml4AAeSwUrVpvVWP&itmprp=enc%3AAQALAAAA8GfYFPkwiKCW4ZNSs2u11xBxxcg%2FFFBf%2F8nd5nS7VSfpG6jlB4Hnt2mm3A%2FG3Y6RDgPMJm9y4Bd9yHQOkVOuOaQxkqDQcnyAVs0nzSjiaH1TAQZWeR6LEPyAbkrTGgXlF2afYZEg5d9w2UUrYiV6bKc045hQlGcEJxduRT%2BfFARGUHLMn8RoPzEL%2Fw%2BXzZBzvHqcCfaR0Zpb9JzRfnGhGR4tyIs8uC%2FYQ5g%2Fr1KWK8qorpKlTHX1EWp%2FvRI75gwUgHVin%2Fx%2BbxV4xiQ5nlgLqvnYZwubVF%2B6FGua6QM87%2FOUxzYbBogCVmIiDAvqzGZQ2Q%3D%3D%7Ctkp%3ABk9SR7D-z-6VaA
Apple iPhone 15 Pro 256GB Natural Titanium – Unlocked – Grade A Plus  Excellent Opens in a new window or tab,$735.96,Free / Not specified,Apple iPhone 15 Pro ·Unlocked ·256 GB,https://www.ebay.com/itm/236967037289?_skw=iphone+15+pro&epid=23062776824&itmmeta=01M2QEKZW6XEPYQZCPK9TBZMGD&hash=item372c560969:g:CtwAAeSw9ABqZ8xR&itmprp=enc%3AAQALAAAA0GfYFPkwiKCW4ZNSs2u11xBwNIhTAz3Gt7tn2177qLX9EJczihd42dhNAhGZAG%2BJW7HfC3ZlqFKEL%2F3tGXtXAtFs6UNZQtPHtvO0DzMg889N%2Fc1Bd%2BZflj%2BbYTA6dhmf3csg300LdG4ShX2E4%2FnnOz%2BbnNKSmOpSIqU5477rH%2FcgW3ClneruDwWubwDAWy2B%2BuYdDhs3tXRTvx%2FEqzCyaw5L0GMLfcLY%2B7vOgmyNXh%2FqjIAAv%2BJQzwpM02oNt9LKgAUaCP0IXvTOMP1aPxg1F8M%3D%7Ctkp%3ABk9SR7D-z-6VaA
Spigen Phone Case for iPhone 15 Pro Max Magsafe Case Protective Rugged Cover Opens in a new window or tab,$45.85,Free / Not specified,Brand New,https://www.ebay.com/itm/366559543347?_skw=iphone+15+pro&itmmeta=01M2QEKZW6AQ4RRTSE6ASKV7YX&hash=item5558a6c033:g:-1EAAeSwh~xqYVoC&itmprp=enc%3AAQALAAAA0GfYFPkwiKCW4ZNSs2u11xBmLa818XaWbx2Tj4pzJppGuwQp8A%2F558nl7Hw%2Fbheu0Q9v6s8K0rlAxZbaI4SOhCNTNJWQ3ZljQG8zRtBerfzBzCwHWlkBDUhdClWl8Z2Bwl9xNn0wm3z9vcNAqbi2gL4x1zb9idnEvYeeEcx8%2FAWvlWCntGXM1Z%2FLkrwuOo2xceiSa%2BpsMD2zjeywpqmATdGZxnaZ3pSSDFiP%2FkSYMFRxjkU49DeR15fFdOHvEwPQAzseKRcEZAZ1%2FaK%2BMovG3Sg%3D%7Ctkp%3ABk9SR7D-z-6VaA
iPhone 15 Pro Max Phone Case Flip Cover NALIA Flip Case Genuine Leather Wallet RFID Opens in a new window or tab,$37.82,Free / Not specified,Brand New,https://www.ebay.com/itm/226013201885?_skw=iphone+15+pro&itmmeta=01M2QEKZW6Y7KVPGM060G2HQ9A&hash=item349f6fc5dd:g:zSQAAOSwjQ5ms6XS&itmprp=enc%3AAQALAAAA0GfYFPkwiKCW4ZNSs2u11xC59JzKdQeBjimZglMSDxuiHYYUwez0Q7ZTqgLYRKJyX2hJOGLe7DUTpSbaYNWvCEfYXUtye2idPdfvh%2BQFKtIdW2996PTvPE4EG4yGVhu%2B%2B96TUTOgphp3QfRIjy21%2BTXNKe2FIqFHx4C1F83%2BAQQVjboO%2F0PElD97Qnx0fsKd67XRp1xUGeF9zCp2soXsIFfpUPrXxplreufePKNI0qgoxeXMmmaZBhPwDulStYL4ah%2BHz%2FObjd29CxU%2B5fZ2WE4%3D%7Ctkp%3ABk9SR7D-z-6VaA
Apple iPhone 15 Pro Max Natural 256GB PERFECT CONDITION 1 Year Warranty Opens in a new window or tab,$755.54,Free / Not specified,Excellent - Refurbished,https://www.ebay.com/itm/800671129702?_skw=iphone+15+pro&itmmeta=01M2QEKZW6T62KKF3YGGJ28YZ8&hash=itemba6bb7e066:g:iaQAAeSwS2xqpTyP&itmprp=enc%3AAQALAAAA0GfYFPkwiKCW4ZNSs2u11xBzGohc0v16%2FViTph8d4M%2F9SVkOkK6AVhQjbJLgV9%2Bn7P9ux3Vd6Erj1xVuWqKEUtKVBbkCGidDIkrFjCjQ5k4yJDADmzN%2FX8jOezKEm4SuxmsTQ%2B65dzaUbgmzPZhfodaJCuYqWYD%2BgzyeKSGliZUSnust63EiYRXND6j8n3PvTl%2FOR5LDzZhGgT8%2BCsaeY0JZw0dlRRK3SPGLMRkD8vGCDe7AT6A4ojG%2Fa06Ckb8w9rk%2B05%2BJqXjfXTzXiueiNX8%3D%7Ctkp%3ABk9SR7D-z-6VaA
Apple iPhone 15 Pro Max SIM Free Unlocked 256GB/512GB/1TB Fair Condition Opens in a new window or tab,$735.81,Free / Not specified,UK Seller | 12 Month Warranty | Fast Dispatch,https://www.ebay.com/itm/388948795447?_skw=iphone+15+pro&epid=15062770508&itmmeta=01M2QEKZW6TWHQBQK5YG2RR3Q0&hash=item5a8f27a037:g:MScAAeSwyhRopxRe&itmprp=enc%3AAQALAAAA8GfYFPkwiKCW4ZNSs2u11xC6zxS6uOCGpmPn4ZGSAoRWjKljr5R8DaFeOnxb6RKhDsbvn9atPkTQGRtITZE3jxu7eZ7S8fuWNbcIPIpLIFCA3Y10ZAPR6%2F%2Bc6PL%2BY5S3YDmidvsiTX04IBpNKYdaWlUUSwl8zinIiH%2FPNAoUPOyTK0fPJiIXLCbP357R%2FC6S%2FcxITN0OWZGVKhYpaQMJMIrbd%2FertULTBSGF4Tlf5ONJgkbsuHKSsX9alaCyVPHG%2FaYdLFjDAlT6jcVcFLDO929abKRvaHBj2XNeJVGBSQDfUcrVrhSV1UMY6MKfruR5Qg%3D%3D%7Ctkp%3ABk9SR7D-z-6VaA
Pulled Screen For iPhone 15 14 13 12 11 XS XR X SE Pro Pro Max Plus Mini Opens in a new window or tab,$32.92,Free / Not specified,Brand New,https://www.ebay.com/itm/267139180374?_skw=iphone+15+pro&itmmeta=01M2QEKZW6N5M7VKDEXHX4YAP5&hash=item3e32bc6756:g:BtUAAOSw8~Rnm2YJ&itmprp=enc%3AAQALAAAA8GfYFPkwiKCW4ZNSs2u11xDrD%2BFqn7dG2HJ4bjHrTFBCKq6LObxWgj6zX5%2Bxk4dtgZHQDEv3QVguk9AdutyUVNHh59AzP5VgaDaXrYHOSdPpx2LjoUo34JXDTkKfnLaEgzA%2BEMKTcCoRqd9KM9Q153EezB8KZZvmDY0H4jQhhIxQdcOr4QTXSoMoYscragZ1HHgnoaZMX8I%2FmcyXY5uGzgEN2IL027d6XVi5EALCAY2zUeuVzjqfjg2Z2UlT5wwmiOVTuOWQuafwslrmWZYPLygIY0%2B5l%2BipJJ9bVvR8T9LbInyI%2BVbJZ36gU7qXkpBdjg%3D%3D%7Ctkp%3ABk9SR7D-z-6VaA
Apple iPhone 15 Pro Max - 256/512 GB - Unlocked Good Smartphone Opens in a new window or tab,$804.20,Free / Not specified,New (Other),https://www.ebay.com/itm/407051711733?_skw=iphone+15+pro&epid=23097463111&itmmeta=01M2QEKZW650XQ09NZTDYC6FPV&hash=item5ec62c34f5:g:Yi8AAeSwrFRqS03r&itmprp=enc%3AAQALAAAA0GfYFPkwiKCW4ZNSs2u11xCxup0SebyoTRjTRpxzogqkxFmQFFgtiAt4rCxekei5j7BqspBKpF57CprAhZSBTTqPu72h7Mxc7ixG5Wkra2xVRxFmnmxVA%2BY%2BciyGAjA%2FkcmFOttOu1G1PVKBK%2FhezMK%2F57C6909J%2B2RwyMGo5jrshcA33aq%2FCxKJqY97l6a0Rpj4CZETX2VuIB3beONtIudz2taaPml0EzqytbXNrhqkcKPl%2FreAcU%2FRW7Ub4gWUOXULd8H4glJT9HaorYZ5lu4%3D%7Ctkp%3ABk9SR7D-z-6VaA
For iPhone 15 15 Pro 15 Plus 15 Pro Max Original Case with MagSafe Silicone 2026 Opens in a new window or tab,$19.56,Free / Not specified,Brand New,https://www.ebay.com/itm/366396282177?_skw=iphone+15+pro&itmmeta=01M2QEKZW6BP02TED286458GZJ&hash=item554eeb9541:g:LHUAAeSwkD9pMTYC&itmprp=enc%3AAQALAAAA0GfYFPkwiKCW4ZNSs2u11xAoBUaQMUZ3NmYmrAB14YjJ6Q1b0Zm2tK7yUi9ks5pIVLqhvNqE%2BRHfiAGhFV5pvriA9zW2LQPHCDPzR7gKCFh2DLmxgzmHRqgQJwgpzBmNQrCeAJzzNhN2L1RRgfiGpeRXRg8pJzLzFHaV51mi7n863H4hrtcyQi5ptExhkr4ONlgMfSLQkvMyaBcrUlvP4imX1a7GTEVpOqIO4kIgzU%2FfHFkzSRZ4kzsA%2BAU3xPoL0ND%2FMWUvGuYd4YQqk1pCxqY%3D%7Ctkp%3ABk9SR7L-z-6VaA
NEW Genuine OEM iPhone 15 Pro  Screen Replacement OLED LCD Assembly Opens in a new window or tab,$214.99,Free / Not specified,Brand New,https://www.ebay.com/itm/318805710716?_skw=iphone+15+pro&itmmeta=01M2QEKZW6DN9CMZ6G06Y3CTWM&hash=item4a3a4d177c:g:8WUAAeSwPGtqUsgG&itmprp=enc%3AAQALAAAA0GfYFPkwiKCW4ZNSs2u11xCqVl9AWwgvnzn7bRtVTQeVw%2BVhve29%2BcNJTtJZt4IPjWUy8Dzq0O10psrM4L8xJ4LCdzM6EqZzb1IPvXI3pO8ibaYsECXmXR6Cul0DEZX95QGDDxP4G3WhikXZS0pQBQ1x%2BiVVUtG%2F5KKCz%2BalfpBGLLQiTYMD9YzH06QgY3njsueMiKhiOqGjlkGmEKfX0CRD5tPfduHsvFdbeVXuZofKRQqdt2n0aL9xBbK7NKjFSgwxA9srC1c6eZkI5hbah3s%3D%7Ctkp%3ABk9SR7L-z-6VaA
Case For iPhone 15 Pro Max 15 Plus Heavy Duty 360 Full Shockproof Clear Cover Opens in a new window or tab,$10.69,Free / Not specified,Brand New,https://www.ebay.com/itm/266470702772?_skw=iphone+15+pro&itmmeta=01M2QEKZW6302HAETWJN616X1W&hash=item3e0ae43eb4:g:n84AAOSwoK1nhj7l&itmprp=enc%3AAQALAAAA8GfYFPkwiKCW4ZNSs2u11xDjwV2EsQPCypZHMnTWav3ySX3r0Dj6hDcfeBvj4hFy1dvsz4k%2FSg%2BIaS0qBxnR%2F5eDKDI0astNyfJaAiLz2QlRRoDOeFzYYjNmhB8CcJwgLiFN3IcOcOaISPzhYdFbQajvgczy5QgukWVklYFfJhvPLNCvLgdmOx2BwmUAzz6RRkpmsm%2BI6evfV23fBYDlKgTUYph7fVx2IlxRJXT5FAmTYEBzJC6ZXscRDISiqrM7QbYHkL5Kc5XX1%2B2G5XDk3F18uS%2FDGPsnn7tR1EAwdHEJP%2BlsX5NU%2BiuByVRT7sJGdg%3D%3D%7Ctkp%3ABk9SR7L-z-6VaA
NEW Original Leather Phone Case With MagSafe For iPhone 15/15 Pro/15 Pro Max Opens in a new window or tab,$18.59,Free / Not specified,Brand New,https://www.ebay.com/itm/318562591365?_skw=iphone+15+pro&itmmeta=01M2QEKZW76KKXEC1254S991MK&hash=item4a2bcf6285:g:v1EAAeSw9aNp~Iw~&itmprp=enc%3AAQALAAAA8GfYFPkwiKCW4ZNSs2u11xC8gVRHxvM3xfQ%2FRSL8rSJXsI2Zk3XrN9rrMxAIjuMAdVxJWZOl4UyYtMbCLHE8fEbp191qBEPu6pKW0%2B%2BW9hpRnzp4A1J2fioDtV07hEKDk9GDP5hg0eGZP813cE%2B7reoGgRp0NafBxhgLfJJ2kSAcvS3jPN7Ps3aXMpETQQX7b56z9krb06M0Nf4Gu0oXsrgIqvER34a8fe5Yt3PhtPP2q86SL%2BmcQvuqB7k3T7p0acrqyPOu0iDmjETyOoayFyBItJZjfbRHsfDCm1A7vm%2FiJAV9sjqNwkI6m97qrplUww%3D%3D%7Ctkp%3ABFBMsv7P7pVo
100% Original iPhone 15 Pro PROXIMITY ximity light sensor Face ID Opens in a new window or tab,$17.19,Free / Not specified,Pre-Owned,https://www.ebay.com/itm/156117012913?_skw=iphone+15+pro&itmmeta=01M2QEKZW7DQFCVAGQM9B9FX3V&hash=item24594c91b1:g:SLUAAOSwMOJl8phv&itmprp=enc%3AAQALAAAA8GfYFPkwiKCW4ZNSs2u11xA7IiypfpQpJiikvimziK6YPpzymdiTK2P%2FsFz60NGk4i2DIR1vgPuGmI9TMduIPSGt1NKuqpKllLfWlAkiNVApGxYYLW30Z%2B2e6gYC1hXWDT7epAwBec5yB24ThAwkI6HlOSL%2F1eQuFetqoMqOHuaRo13V06ZYaMznEcmuOAINQkzrTTQJNxNbrHaJExLoUnEZ6mn3uIAsmM33LDtTyJXUe3htGQ2hRAjU28GMEpJYLtqTXBWyIUnjD4Xuiy1Rcn2OX%2BWQTeucpyGVrpscpm8i48LmagiMcQr1URg86eQw2A%3D%3D%7Ctkp%3ABFBMsv7P7pVo
100% Original iPhone 15 Pro PROXIMITY ximity light sensor Face ID Opens in a new window or tab,$17.19,Free / Not specified,Pre-Owned,https://www.ebay.com/itm/156117012913?_skw=iphone+15+pro&itmmeta=01M2QEMFKJR99Z845CZE8T8T56&hash=item24594c91b1:g:SLUAAOSwMOJl8phv&itmprp=enc%3AAQALAAAA8GfYFPkwiKCW4ZNSs2u11xA7IiypfpQpJiikvimziK6YPpzymdiTK2P%2FsFz60NGk4i2DIR1vgPuGmI9TMduIPSGt1NKuqpKllLfWlAkiNVApGxYYLW30Z%2B2e6gYC1hXWDT7epAwBec5yB24ThAwkI6HeqKJfxXF8xGAw2IUL2rX0bEf1j%2BkANPgTdPtsmDfEYO2Fqqij4oBLn4en8gEblNZy%2BGCbL4VjHaNGNVSpnJTqm%2FEok418jc3wwrUwX%2FbywS7vxbwPPqcdlm30HpH28XWA2qY%2BdNjuc2E8CYdKTSxezVGXkXMQr7pKhliJ1jk6ZQ%3D%3D%7Ctkp%3ABFBMhPrR7pVo
2x iPhone 15 Pro Privacy Screen Protector Screen Glass Protector 9H Armor Film Opens in a new window or tab,$12.60,Free / Not specified,GERMAN DEALER ✅ TOP QUALITY ✅ FAST SHIPPING ✅,https://www.ebay.com/itm/166365368040?_skw=iphone+15+pro&itmmeta=01M2QEMFKJXWTY481N6SRN2XQ3&hash=item26bc260ee8:g:CHkAAeSwobNo4AiU&itmprp=enc%3AAQALAAAA8GfYFPkwiKCW4ZNSs2u11xAjdYENMQM%2B%2FxQtIs5MNTJWyyPwocQEcuN85yUHKXRS4pcZE7T2N8YD6Q3SIUNjYw8ICWJ3O7jpFrO%2F75X4EuIA83ojqOmPI8jvXI8oE0GaKIK9sL7BqFtI%2BfoAinwXqfKI9hHmmvG1A5Rq3bPczVdupOBtvWkdPSoBPPcL1Gw1LG37MsMs7gAn7QSP7K3boXLn5ISS1H%2BL3R%2BWOkQ4jcfMLVsvJZVcx8RdyTd2q7HnO4QrfUhmdJQCCY2cuSBY7z53uvwCuaDWHqVqgXzbKnkGa5%2Fbwb6mTXQbkKCJ2obALw%3D%3D%7Ctkp%3ABFBMhPrR7pVo
SOFT OLED DISPLAY FOR APPLE IPHONE 15 PRO 120Hz GLASS TOUCH SCREEN Opens in a new window or tab,$68.78,Free / Not specified,Brand New,https://www.ebay.com/itm/358285305467?_skw=iphone+15+pro&itmmeta=01M2QEMFKJ1HH5YZT8QRZ1C363&hash=item536b77e67b:g:uWoAAeSwJMFqqrKn&itmprp=enc%3AAQALAAAA8GfYFPkwiKCW4ZNSs2u11xDTntUuPEBqMBLXkaIgn8RK42U9xyzPr9P%2FFW0LVHzUD2FlQTm3iT3mdvcyF%2BMWDQr3TDgdtKNjztQ3PzJVBZKeJ8xuo1D6qVwyojlSx7rUprfz1uH1p5lP%2FE0hT2yr1lOK6dl9XQFDMRcDG5XBzJSp09uCrt%2BGdliqfNvfcZPXFhGN6P68%2FO4LLOXCTlHaLYg0c5dvYet9SslgNuI7HB8yDoCznVgNlsom1b740gZCT%2B3x9cNmnSOBGwO7AnM6GoM0uisAiWcY5mS0oE1pKQFOPYiT642FH2PwCtDaJ513Sw%3D%3D%7Ctkp%3ABFBMhPrR7pVo
For iPhone 15 14 13 Pro Max Plus Ring Stand Case Shockproof Cover Kickstand Opens in a new window or tab,$9.99,Free / Not specified,Brand New,https://www.ebay.com/itm/386106323851?_skw=iphone+15+pro&itmmeta=01M2QEMFKKHGNH7APWEF4YJPY9&hash=item59e5baf38b:g:HQEAAOSwaq1k-4ZJ&itmprp=enc%3AAQALAAAA8GfYFPkwiKCW4ZNSs2u11xBrnsLYMRDbuxPUzIQDTf2DZNANQ0MSe61rI7FHdjQYKgsWVv%2BpEc%2BdDyjcI%2FMqUzJ4hBo0Hj1PEbzHTUY11DBIgg9DkoXOldCOhmMOcaSB2vK2l8sdRqJmREtt2XkbI517f6NktvGqopWRxUEBnAkZMNmNfBaoYPBLh4TV7ctPJZjCUsNGpKeos1A326lvDJ4q99c63LE15jSur7x6LwXUYSyV%2B0VPAZ40cCtfRegOOZbgzqr1H81qV%2FRpwwGjjmed%2BaCXhebnSXsbxl9LEFadrsBHRILmuXXEcpKH%2BmlLzA%3D%3D%7Ctkp%3ABFBMhPrR7pVo
OEM Apple iPhone 15 Pro Max Back Glass Natural Titanium w MagSafe/NFC/Flashlight Opens in a new window or tab,$79.99,Free / Not specified,Pre-Owned,https://www.ebay.com/itm/298661433322?_skw=iphone+15+pro&itmmeta=01M2QEMFKK5WQ7V45EKXVCYN33&hash=item45899bcfea:g:rtAAAeSweW5qooWF&itmprp=enc%3AAQALAAAA8GfYFPkwiKCW4ZNSs2u11xDOixISdHJmUgqh4Z%2B2xTS50x%2FfcpqkOBzA8sLSiI7SItd2I1ohPJkUiXZzn10XrHcHH8MtHw4xNY%2FqExAQ%2F1oBuriIGq%2BUUTYaB9JAE8kb29UzjeCh2q6WaZ7W4ZtDaizl%2B4f098nA3JyzZEAKng9hldcylIahTsMLGiulvHqkdRMLLykzBfHaDW%2Fj8P%2FtCx9saKoHNKk4p96F%2FbTqv67HhASZVRSG2gtbhIm3enASAYCddKvGseiWSVKrnZbez1scrDWbV223fl%2FpPDQFIBBnDqdaV9OKmkHyYilQrLVBPQ%3D%3D%7Ctkp%3ABk9SR4T60e6VaA
Original Frame for iPhone 15 Pro White Housing Back Cover Pulled GRADE A Opens in a new window or tab,$160.50,Free / Not specified,Pre-Owned,https://www.ebay.com/itm/156868874496?_skw=iphone+15+pro&itmmeta=01M2QEMFKKSMPY0RJH2ZT2PC1N&hash=item24861d1100:g:e30AAeSwE09n87wv&itmprp=enc%3AAQALAAAA8GfYFPkwiKCW4ZNSs2u11xBm3y3%2BiKMzKqXDGxKIn15W5cjWyfnUOQidZAhA19nxe4rKzMFhqOs2E5NZunujenDCmmVPW5e10U4NsxKTRAnFiSrKz3%2Fu2MO9DXGpY5scMDOFrpCYsmKTzo%2FWS%2Bhy682Tb6t6Pjrzw%2FkkOQnCwgWhKYox0TUGnENwtt6iEegzTytEskY2BD4YrMtdRqEZrfG5WFZzuA34FASQovDIOc3nkbsGq3PttqMYGR9mbny2BH9eZ5Wrjg%2FWSJoQsUrRmN2jKjMTwNKEC2OQsDE9KZas6ODCHz0wYGVPqN%2Fm004n9A%3D%3D%7Ctkp%3ABk9SR4T60e6VaA
"Genuine Apple iPhone 15 PRO MAX (6.7"") Silicone Case w/Magsafe Opens in a new window or tab",$26.99,Free / Not specified,Apple,https://www.ebay.com/itm/285739608264?_skw=iphone+15+pro&itmmeta=01M2QEMFKKW55CX0DH43DXQ3G0&hash=item42876868c8:g:aSIAAOSwpjpnOhDI&itmprp=enc%3AAQALAAAA8GfYFPkwiKCW4ZNSs2u11xDf1JWb%2BbbFLoufP%2FN433NBjf0xxbnNnhyG%2BaFcLZ4Uq%2FY5XFFxK0l8JSZ3CGasm7%2FjVFrcKziLklLIfMfPy%2F69qQYANz4WE%2FE5Onq%2BX2PRZedUzHOYkF20zfKNDjNfZ3EZaN5xT%2FWh7izIrPJykrhp0s0VOwgrSKSQY2tir7FRsR%2B0c8hqbpn6GaQG7fW5Yxs97pJlIDibX5vkqZgs2rXDvBDHm3QoxeTVeGX3%2FFapmZe9dIiNHpwhZci9OupmO4bZRd52p%2F6AXULECOXMsS5bvA1nhDNwptiWPJpJLHZOfQ%3D%3D%7Ctkp%3ABk9SR4T60e6VaA
100% Original Display For iPhone 15 Pro LCD OLED Screen Pulled Like New Opens in a new window or tab,$309.54,Free / Not specified,Pre-Owned,https://www.ebay.com/itm/157280648503?_skw=iphone+15+pro&itmmeta=01M2QEMFKKB4FBPMQ816QGGGGQ&hash=item249ea83d37:g:RL8AAeSwBBFoDcfG&itmprp=enc%3AAQALAAAA0GfYFPkwiKCW4ZNSs2u11xDbBJ46MTVOEzGbFVciXymFZRVHLkZPBfIYzbOonrNNBDCdIfAxSEUVhoBj2OuRcjFqePK3rzP4q540mHOWUYYFDjKAOWWrNza6bpMjLiZCzdyK5mBU5ZXn3hT9s%2FsXmEEb9Nt%2BZnfymKCNXo83xqQP9NXHuRJos3rbI9wvLhyXbFmJijvOX18gnSl5xExfdvn%2BW8xImT1%2FNxKtrc6MKT23TL5glH%2Bkqyx4TBAOv4gB2%2B33Ypv4jWme%2B57XsV%2B6em8%3D%7Ctkp%3ABk9SR4T60e6VaA
iPhone 15 Pro Phone Case Flip Cover NALIA Flip Case Genuine Leather Wallet RFID Magnetic Opens in a new window or tab,$37.82,Free / Not specified,Brand New,https://www.ebay.com/itm/226013200220?_skw=iphone+15+pro&itmmeta=01M2QEMFKKPY4VSKFZ1BR41Z4G&hash=item349f6fbf5c:g:P20AAOSwf7lms6Ud&itmprp=enc%3AAQALAAAA0GfYFPkwiKCW4ZNSs2u11xBhV7Ajz7OTzExk7iAxRCQjdjweNk1VCY8NXBlzqpNfUNsuGRUQnIa8JPAkXKuKIkhoZKSNTcyjgF%2F2nQAK2BIQ01K%2B5cYTvUZdE1RwnbWaevbP5TAvNE6vf%2FTVmTuXvP2pyQDd8m2vZzCbVXozOt3PLSEn0PsFcERO2tWL7aBqiTBG7tX2R8%2BOSeLnzmHelX4RyOzHQU2YEAGT4jdU7SVwGs3tmB7TKPCGMZaufKvmzNDGmiHfFPyIlt7kXQvwes0%3D%7Ctkp%3ABk9SR4T60e6VaA
Apple Fine Woven MagSafe Case iPhone 15 Pro Max - Black Opens in a new window or tab,$25.98,Free / Not specified,Apple ·Fitted Case/Skin,https://www.ebay.com/itm/277171484966?_skw=iphone+15+pro&itmmeta=01M2QEMFKKWCRWXP9DRZGTCSV8&hash=item4088b53926:g:wikAAOSweipoQJ0Z&itmprp=enc%3AAQALAAAA8GfYFPkwiKCW4ZNSs2u11xBiS4RKVKZXRJuZM3dkpUK0sRRsijUypPNY%2B38z0rP58u1o1Rqbnk8DnCgMJnVxsf8W10e2zRwmu2H9jEoeob17qNOkP0iz0ox%2FRE9byhfZuVx9C6qQkelit4%2BjNK%2FxKAjifmseh2jWq0RZyr%2FQMEGGrpfaLBK0xjCGWFeuz0aFuRwuGehTnkjpvNJKCRjqA%2F2wneNfBzksKHR704BtrFZAqUS%2BTalgXY4ERF0SSfGqGU3%2BoRsyAAV5A4zHo4vUL6Vb7taC2AG%2B43D2gHtWFh%2BOA46N%2Fj7JTp0TBTERjfPB8w%3D%3D%7Ctkp%3ABk9SR4T60e6VaA
100% Original Display For iPhone 15 Pro Max LCD OLED Screen Pulled (A) Opens in a new window or tab,$332.47,Free / Not specified,Pre-Owned,https://www.ebay.com/itm/157280656959?_skw=iphone+15+pro&itmmeta=01M2QEMFKKKCPT797NPAE9DWG9&hash=item249ea85e3f:g:xSwAAeSw9PFoDcUH&itmprp=enc%3AAQALAAAA8GfYFPkwiKCW4ZNSs2u11xBZq3c1Ba%2FQOa6RP5FG2DCPNo3ExrZGOImQs4kAAcWIk7JimDLa1S4Tq0pr6VNqTpQtSH2NrA6CeWO3xwTf35Cd2KozdyYuwy2jfaALseCIzwlhEu1DakM6b9gi0Aep5%2BJ7ERQdPasEYWer%2FU71CWMTthtsZ5hTUf3XHvjwTydj5UxlT9yaxYDzcmT7fY%2BIvcf0rw3aBuY13tL8Q0k3n%2FYV8kCzgU%2FIfLuiffK%2Bm529A%2FTJj%2BdIiO4H7hR%2BDQq0yuHjzON1erOhG0eijoKKy1bT%2B7L57j0WN2%2FXhCfx0xXoBg%3D%3D%7Ctkp%3ABk9SR4T60e6VaA
"Apple iPhone 15 Pro 256GB Blue Titanium – Unlocked – AAA Grade ,Excellent,Tested Opens in a new window or tab",$749.34,Free / Not specified,Apple iPhone 15 Pro ·Unlocked ·256 GB,https://www.ebay.com/itm/236925141651?_skw=iphone+15+pro&epid=24062761147&itmmeta=01M2QEMFKKY5P9DA58T0DTSAS4&hash=item3729d6c293:g:5sgAAeSw6EJqTmND&itmprp=enc%3AAQALAAAA0GfYFPkwiKCW4ZNSs2u11xAEGcBa9ZsiFiOFLyEwCFftl1fmokYBaRGIdgD0BGXdJ9syBrnUpBdwTfbXdAyKTOlkd6sq34fekrE3TTPWlNyELaAItGAwkBG6m88iv%2BUuZG5VmHHLWTd2FHCjagWe30Nwvz06YsXFlJN5rep54mojMY1ohW3Ia9gyAK6IEndt5xNgC6PDuFaJ6aNxqIVrhS6%2FnEISF%2BSEAkydpt%2BTDZkdV%2FHcIikKh6zA81m%2FbgVlPf%2BlIITiWImVbZO9PhkJutE%3D%7Ctkp%3ABk9SR4T60e6VaA
iPhone 15 Pro 128GB Titanium Natural Mint Condition One Hand 99% Battery Opens in a new window or tab,$687.90,Free / Not specified,Pre-Owned,https://www.ebay.com/itm/188939557943?_skw=iphone+15+pro&epid=24062761099&itmmeta=01M2QEMFKKP16N8XBENSVJDQ1Z&hash=item2bfdacdc37:g:pWoAAeSwYD5qqvPe&itmprp=enc%3AAQALAAAA0GfYFPkwiKCW4ZNSs2u11xDJAtR0KlaEs4dl1gpBCG3%2B5BUKH2G%2FjEM5UecrXZml3HZib1EWo7PbGFNnobEQBlLZNRUlbjHRg01FLuq6rtZ%2Bfhu2d%2FDUAxPJv7WfjE5AE5oo7VbWt5FAFTP5jxrrGYwDkh6Hu6qys%2FcPZ2cmk7L4kH14aZH3VmnZinMGsFqDCOghDJ6tvCQorAmsHOxHPi5X4FJdcJg8tsXTzELmZ2tRerfwYnO6XrYvipS36i5%2FYaN%2BXDjM%2BGNsm0X0Wn7%2B%2Bl0%3D%7Ctkp%3ABk9SR4T60e6VaA
For iPhone 18 17 16 15 Pro Max 14 13 12 11 Phone Case Heavy Duty Shockproof Opens in a new window or tab,$8.48,Free / Not specified,✅Military Grade✅FAST FREE SHIPPING,https://www.ebay.com/itm/125901581091?_skw=iphone+15+pro&itmmeta=01M2QEMFKKC0AABZC25YT9QMCV&hash=item1d5051ab23:g:FaYAAOSwX-pkRsF5&itmprp=enc%3AAQALAAAA8GfYFPkwiKCW4ZNSs2u11xART0Ea3MAGWgRYda%2BgGpfwasiQ3AY2byrobmcavfajBkzFzZE%2Flit%2FL8c2AhjWQmPl0QJkBCl3ZKDQgEkpybbdjU4H%2FBczhOqIl4J7mfktSCch7tv2H2X%2BrShY9XhYbZknr8nIkBMyF2jkaqgAH%2Fla9kq4y75JgkaE5863TDmeOUhwaeVXU6KGVDeRea8hpZCnjoCjLq%2F2yw9VFEsemzin%2FFDxnXG0MlJ9rhAHEns%2BY2RRT4hqvYC06R9jQFqRghewWJN9qTS2GvuFe%2Bb%2BIZqr6VLKhHLL78t4w%2FVnA%2B4vxw%3D%3D%7Ctkp%3ABFBMhPrR7pVo
iPhone 15 | Plus | 15 Pro | 15 Pro Max Camera Protector Armor Film Guard 2x Opens in a new window or tab,$10.31,Free / Not specified,Brand New,https://www.ebay.com/itm/166341490894?_skw=iphone+15+pro&itmmeta=01M2QEMFKKHF86V114P27A6QWT&hash=item26bab9b8ce:g:tW8AAOSwQg9jI5Iz&itmprp=enc%3AAQALAAAA8GfYFPkwiKCW4ZNSs2u11xA%2Fg3Iis%2B%2Fnx9Rwyc%2FW%2Bh%2F90BYqfRQmaGkfSSyBUHA%2BUyH7gTMwqbWjOAz9MAXvr3BFB3d%2FcH9AIZUMtzo9oyjPfMD%2BCbhy6dImEqih2FxY3L6zka3nmjEsyyLgKKDCZzYUyGYJ5Rk4QtVuwAdGD5%2BbiDAefjdaUSW0kIwUiWWE5f7n8p0lR7Q9pKKhc%2FTERnz2J0Ykzn1ZnIX%2FvY09iC1iBzaiXSVyTzexcfA3DPy9Y4VKX%2FSQTiQQPncCRQi%2Bz6oWUwjKHrntP%2BfKd5Ci%2Fj4ySmT5kwnI%2BnJU5b4H%2B9%2Fwhg%3D%3D%7Ctkp%3ABFBMhPrR7pVo
Display for iPhone 15 Pro LCD TFT InCell Screen BLACK Black + Adhesive Pad Opens in a new window or tab,$27.50,Free / Not specified,Brand New,https://www.ebay.com/itm/286403998657?_skw=iphone+15+pro&itmmeta=01M2QEMFKK9C9YAKSYPS2CWKHR&hash=item42af0233c1:g:as8AAeSwUotpsEFh&itmprp=enc%3AAQALAAAA8GfYFPkwiKCW4ZNSs2u11xCHY9ZCn6LhP%2BSTnHixwA2NeK9mQ0ZrssUa%2BGJ691FSmrR%2BKNAm4VFLj7S3U9p19BN%2BY3Bvlto50mbBzCD9UK26deLYu2qeMJWkcpY4EiEHClL0zJoy8b8KvmFkXtZKX6nDA1QueCyRGmnwJH7yf4Y2kFOeK93TNHzvs2SIpZroFAMbTbplEBKOmxzpyiK%2FJaPb6mgYifyeipqWIwRhFPfR9s18zSl0gWPB3HCYWmU8TaLN5SD4bJsUQctnARrex5gDAkmAyjvYkS4RfDgzUi%2B%2BV05CLzXtRlBPdS4ce1gJ2A%3D%3D%7Ctkp%3ABFBMhPrR7pVo
📱 Apple iPhone 13 Pro 512GB – Unlocked SIM Free - Grey Opens in a new window or tab,$294.38,Free / Not specified,Apple iPhone 13 Pro ·Unlocked ·512 GB,https://www.ebay.com/itm/137746585060?_skw=iphone+15+pro&epid=25056383311&itmmeta=01M2QEMFKK79C16EFCS53H619X&hash=item20125615e4:g:choAAeSwNsRqpagR&itmprp=enc%3AAQALAAAA8GfYFPkwiKCW4ZNSs2u11xDufzBvkdbNGFzemgeLCzujoxanqeHlw8OqXYjMGpVUbO5v%2FPYDQ5%2BC%2FCNG5b5x5boPemX14Uszx99oc2B9a%2FHLgxd9QUGm8ZQJv79uempUPBXKkHHe7PK2byzeX4smKDMSBdcLDsXmi4AERIiPCI8FC%2BwSfkka0wLtaEkMd2Imeyxs19%2BJPM8KZBKuhnktqPyhYI%2BL%2FXU4DKTxA04FfykXsouPkjKoatymsavpLomVpS7r8JGBfpCNwzvyCxDthmonPJ6tdIzANTGDKMVhKyTe0DBXd3qyGoqJQ7sQIXlSqg%3D%3D%7Ctkp%3ABk9SR4T60e6VaA
Original FRAME For iPhone 15 Pro Max Blue Housing Back Cover B Opens in a new window or tab,$221.36,Free / Not specified,Pre-Owned,https://www.ebay.com/itm/157537261996?_skw=iphone+15+pro&itmmeta=01M2QEMFKKS0GJ751TEPXG3C8E&hash=item24adf3d9ac:g:lGUAAeSwemBoDcQ~&itmprp=enc%3AAQALAAAA0GfYFPkwiKCW4ZNSs2u11xAKLZZ7LIHZBw9zjQ4gClOyzZ%2B363I9wGHl5ksqP0kMWuQlKt9LDU8axiH%2FHwemD67D1FWKJixNPOiW9HRpe9ex%2FaCpvicsovIQtQ%2FBgMdJzSKBOJl%2BRHzGwJSo3QJNQwESHrCjXdEUtottVGGGxXnKDES%2BZu6dyKtLxm8Ce%2F9PQkgDjFqgm1Bx%2Fhh6PBAxKHHulsOSPFRO6TKUQo09VnITwubwu1R21ZH3t3GjjMI2DTxjzEA1U%2FKRdI6W0Lg57TI%3D%7Ctkp%3ABk9SR4b60e6VaA
Apple iPhone 15 Pro Max 512GB Motherboard Unlocked w/ FaceID US Version Opens in a new window or tab,$399.99,Free / Not specified,Brand New,https://www.ebay.com/itm/366619885499?_skw=iphone+15+pro&itmmeta=01M2QEMFKKN79BQ8P9HVXW25EA&hash=item555c3f7fbb:g:WRgAAeSwGGJqh~R3&itmprp=enc%3AAQALAAAA0GfYFPkwiKCW4ZNSs2u11xAgZnObvEy5aWFNkM2wz2OZBDYZzRzqEOYsHfB%2FKZ1Zu%2FCxQWuhn%2BBM5WNyDJPcNYsr525ga%2BGQYje7AawNsJbrYIZNPOF0xPQxRJg1LWYCitoE7eYCKt3dMgHXBOPsCUSlBHxrZC9vMGxeep2GxJTI11XazgqnyF0iBwp5PBKUXOiSHtTS95j6o9W9HkChkd2n4AJizq6S91%2FwVHjNJrRSDcmKosTNcddXhnN1ivMivrLAX6d4pReVXNf01LAcmC8%3D%7Ctkp%3ABk9SR4b60e6VaA
OEM iPhone 15 / 15 Pro Max | Pro | Plus Back Cover Housing Pre-Assembled Opens in a new window or tab,$194.79,Free / Not specified,Brand New,https://www.ebay.com/itm/227139795907?_skw=iphone+15+pro&itmmeta=01M2QEMFKKWGNE0EP5MP9ZAM46&hash=item34e2963bc3:g:pJUAAeSwuntpRsiM&itmprp=enc%3AAQALAAAA0GfYFPkwiKCW4ZNSs2u11xBpReysqRTAaX5i3UXkb7C%2FoZ1rpDdZRKnIANE1HkLJMHeKw4A%2FOYWMwQO44OUs5N7v7FKEphSWXQ4IREsIzFUCa0qf3YqSHNmZfNCNffYG2lE80wbLrMzTOD7gw5AA3IDthWsqNQQQqPVTCGjMZ%2FRb9cJ7GJQ6Wd%2BCvWcwbMjiGZe1HgN9DsMRpAqRat%2BHsalGRGYUvbjEicSujfav20%2BGpZUKguUIWXyd9c04NmxuM9NMQp4VdLKTo0KOMFasKM0%3D%7Ctkp%3ABk9SR4b60e6VaA
iPhone 15 Pro Max 15 Pro 15+ Plus Hard Hybrid Magnetic Ring Kickstand Case Cover Opens in a new window or tab,$10.49,Free / Not specified,Brand New,https://www.ebay.com/itm/276400303899?_skw=iphone+15+pro&itmmeta=01M2QEMFKKDJ036V2KTJ636Y55&hash=item405abdef1b:g:6jMAAOSwtyFmBDN-&itmprp=enc%3AAQALAAAA0GfYFPkwiKCW4ZNSs2u11xD4rW7zmaEotUZkNmZPCMEfeGT9I%2BQqg0qJTBdREo5p1stlV%2BBuYJpaWQtM6UV9KRrw6PJABKd9eA%2BTZwP%2BrlpL4kbvqVt17jwvER%2FZk1XACLA74xxgUii7FhwSUHwtal1WXmEunegcPbJDwLiOMUwsOw%2BdE0jpPk6SEvqOu6sgd4Tl7BpwFOJb7VrkE713Y%2B0Sa1rWOCC7X18j4CQaP15fYlL%2BxVu%2FlZn0g8AUMqVUqs5vZJAAhyv%2FQ9YaMqIgiaQ%3D%7Ctkp%3ABk9SR4b60e6VaA
Apple iPhone 15 Pro Housing+ Camera Black Titanium GENUINE Grade B Opens in a new window or tab,$137.57,Free / Not specified,Pre-Owned,https://www.ebay.com/itm/800401695268?_skw=iphone+15+pro&itmmeta=01M2QEMFKKJ029EQ896ZQPBA95&hash=itemba5ba8a224:g:xOMAAeSwmA5qY7JB&itmprp=enc%3AAQALAAAA8GfYFPkwiKCW4ZNSs2u11xDerOd4nlDZbi4x5ert%2Bcaq2t9EMABMOgQN3dkkWJ4uV7hFi7DfF%2FavYMdOhHedvRZRD%2BwWzyuUwR1nXS05HHcmjJFOUTDbhANLbgyRVy0zBxMZPnTmW2RMPHZrUbTnUCsMJytBTzbT6p2y%2FFDh6MFFfrZ%2BPuD0IkCAtxVB6nToJvMKfh9llkzz7Szw4pCqv%2BzB4N8%2BnLrkhJ%2FtVwYwmqlx%2Fss9fK53NPZuPfmgqLs70C%2FochQ%2FC7TXT6CPVkBCgPioHqiTN2B0%2Fj3NFcSNZQqO4MJTuC5H%2FUdhLtyhwVlOcQ%3D%3D%7Ctkp%3ABk9SR4b60e6VaA
Genuine / Official Apple iPhone 15 Pro Max FineWoven Case / Cover - Black - New Opens in a new window or tab,$37.45,Free / Not specified,Apple ·For Apple iPhone 15 Pro Max ·Back Case,https://www.ebay.com/itm/167929731748?_skw=iphone+15+pro&itmmeta=01M2QEMFKKKWDMJF9S77WET1VN&hash=item2719645aa4:g:RjAAAeSwYgBpF6Tx&itmprp=enc%3AAQALAAAA8GfYFPkwiKCW4ZNSs2u11xBpB1IhkuIrPlgnmvrvuZRBv%2Bx4ukqGEymutwQdAhNl%2FhxgvPPu7Gywa5oj%2BiK0pcblG85Fm8%2Bxr%2Ffqd%2Bv4Wg2413NY7ZPQz0HDtY%2FHt6Euy86%2BTRT1sQHotDU2Ee2XhNWCgWysUgE%2Bi5t%2FXsWkiZ6fWbGeA44rs1%2BX7CoL6Fi6jJ%2FqwguKnBij3EmMMTuVOh88qOctzUs1TIuYi0WfsPFgWUHoqajvGim6w0wVHNEwBOCndHJubUKP%2BMQXTTGj1ksWjbWyXSBZXGHl1Zb%2BzdsZ63VpVVtCM%2F8cxPAE6HruvQ%3D%3D%7Ctkp%3ABk9SR4b60e6VaA
Slim Lightweight Genuine Aramid Carbon Fiber Magnetic Case For iPhone 15 Pro Max Opens in a new window or tab,$33.99,Free / Not specified,Brand New,https://www.ebay.com/itm/145302479164?_skw=iphone+15+pro&itmmeta=01M2QEMFKKVW806J8R5BS16RZE&hash=item21d4b3e13c:g:94sAAOSwbvhm8Nk5&itmprp=enc%3AAQALAAAA8GfYFPkwiKCW4ZNSs2u11xBU%2FqUjK76WNyfYwHWugKtvrsqHxriA2vs7otrA6f8t8DxGjlChRugbY3Z73NBkV%2FutQj%2BI%2BBgRvsJ99kBEOEK5mFPS%2FwpQTNhxIj4dRAzfJ3elQR6PWGKkE%2FHoGZmYZ3czG9dtciftvhxEKTsEnAZh6FemhH%2FnTbEsej%2FjsaT%2FIaMn313K62IjiPfm53v1z8HDsdzGpLSjKH5%2Fzf%2BncU1KiUkEJW4QB0QjEiFuCr3M50IKRlE8Rx8rMdx7jp%2BAicEKl4ZDaDjISn21zVyjXzSI6K3kxu4suD%2FHSwJG1Lp4QA%3D%3D%7Ctkp%3ABk9SR4b60e6VaA
Apple iPhone 15 Pro Max SIM Free Unlocked 256GB/512GB/1TB Good Condition Opens in a new window or tab,$789.33,Free / Not specified,UK Seller | 12 Month Warranty | Fast Dispatch,https://www.ebay.com/itm/388948793007?_skw=iphone+15+pro&epid=15062770508&itmmeta=01M2QEMFKKKGWS08BYK0N76NZB&hash=item5a8f2796af:g:MScAAeSwyhRopxRe&itmprp=enc%3AAQALAAAA8GfYFPkwiKCW4ZNSs2u11xAgfxGeeeH5neIXy97cfr7xV5pUrX5ZqVEwEAw99kisJtpx%2FqaS5S3XUzo6i6tMUiOt4MYQGjPA%2FZ7TL%2FQNPcUsdm5lIJbnh%2F7xOc%2BS41bQ3dYs62hdWuZiyTa1qY5Rg1fre0%2FdpVQ58lEiA44y1r%2Bj53Cy4gC9MF9yti%2Fypwa4PwBJmr0Zk%2BwYK1xO1RadpKhzbNmWdM8dvzu1Yog5LgRI8%2F2%2F2ExgHy%2B6rJh1T2BMZLxE7IxikZ3Q0NNF0yqXXtYOn6%2BGzPcjxS5NyISMWSpOXoeTUahnNPl8o%2BjTz3160w%3D%3D%7Ctkp%3ABk9SR4b60e6VaA
Braided USB C Type C Fast Charging Data Cable Cord for iPhone 15 Pro Max 15 lot Opens in a new window or tab,$2.98,Free / Not specified,Brand New,https://www.ebay.com/itm/187972404977?_skw=iphone+15+pro&itmmeta=01M2QEMFKK8ANSHPXYG652M9Z4&hash=item2bc40746f1:g:2eQAAOSwQ6Bnz9S-&itmprp=enc%3AAQALAAAA8GfYFPkwiKCW4ZNSs2u11xAzgWc7eAXZUHmrrVzOCz%2BkH%2BVRr9TlJT0TnK%2BmYvU3wx%2FKmIqO%2FrYSS3XDifeZPsBzOKwSctYSmYL6qKlwyM7L%2BBLw1Pk9x5lNH2fhH3PMv%2F7aauTaZwmtdN87Ma6CgvQVW5KTmjH2WlTYtLNgFl%2BkbcVzyi09prwHXiBHD5DrMpiUG6AXUYNmIf%2BUCfpox%2FjN0Uqqk0DORYjNowYG1SJqLwgTl5uLM928977VX98C6XBNAJ8tp3C54QTp2NO4vdlQn9LCSeyBeV7VQ0H2IjoOrKLTyeGlDxwB1rYXavdt4w%3D%3D%7Ctkp%3ABk9SR4b60e6VaA
SHIELDON iPhone 15 Pro Detachable Magnetic Leather Wallet Case iPhone 15 Pro Opens in a new window or tab,$17.99,Free / Not specified,SHIELDON ·Wallet Case,https://www.ebay.com/itm/178504652867?_skw=iphone+15+pro&itmmeta=01M2QEMFKKPREY3J579CQB1PG6&hash=item298fb4d843:g:ppsAAeSwmuxqq7yD&itmprp=enc%3AAQALAAAA8GfYFPkwiKCW4ZNSs2u11xABGxpVR0KG1vfMQL0TOO0YFAxpNok2Fr%2FoUSgstZZCPvhtmX3uAZcZiQ1s0L1dh%2B8DZ4w%2FMbhOlfvGrJNfaRgaQRrb34ZdOHg2Ot%2F7K%2BF%2BamFlcDXd%2FMH6b4oQzCgR1WBnbreCa8gxxtedB6iT31t7ZiqKK%2FpZKd%2Bk%2BfTcgFOA%2BM3NQB33sjZs4vt1ErmHlWzWBTW%2B5%2F40%2FB2TBy0jjDg1HZ5mxceou4ytrFSF0UlLay00l7uDMSTwTTtKnaaWuvkePty8EREiG8PwvcjN6pPiA31M1nxqsv%2BTUuPd1hHo5w%3D%3D%7Ctkp%3ABk9SR4b60e6VaA
Apple iPhone 15 Pro MTV03ZD/A - 128GB Blue Titanium / Titanium Blue - 100% Battery Opens in a new window or tab,$779.59,Free / Not specified,Pre-Owned,https://www.ebay.com/itm/287570908012?_skw=iphone+15+pro&epid=4062765330&itmmeta=01M2QEMFKMSQ8G05X5R9SV5FFF&hash=item42f48fd36c:g:lxYAAOSwRxdlTefl&itmprp=enc%3AAQALAAAA0GfYFPkwiKCW4ZNSs2u11xDsGO6LPD8WA1L6%2Ffnknx66FQjJY%2FdwpFwuIZwpe6WXTp6JCFzKBX6QUDqhureuM3SYq7v2KtaeSkH1Efiy%2B%2BdoYK4PkIaRv0gGA79d42BnrC9BAw66LbGNN7u2d2Oe%2BQ%2Brj%2F3aDKbPoAtIXG%2FebboE1%2BNl6fXesTTtpxARU6Hh9M4eNLuS0g3F85sCZryAT%2FL52pEMXi63nKcAfEN0oQnk3GUt5MfWLetR%2BNjHNfkhqwaq%2B0IzvwNyT%2B8llNjF6rQ%3D%7Ctkp%3ABk9SR4b60e6VaA
Back Cover for iPhone 15 Pro Max Natural Housing Back Frame Housing SEIDOS Opens in a new window or tab,$37.82,Free / Not specified,Brand New,https://www.ebay.com/itm/335806369396?_skw=iphone+15+pro&itmmeta=01M2QEMFKMKE2TDA3R2XHKVC54&hash=item4e2f9e8e74:g:9YsAAeSwKJxpCfy6&itmprp=enc%3AAQALAAAA8GfYFPkwiKCW4ZNSs2u11xBUJ%2BXLF%2BkPjWUmPGbRl7THngBF9JjldXOMrHD%2B8ALnDclJ8wrUID9xy7g%2FaHM%2BELVkLsqdW4GRMkSJYHQbx3JvrLnXskyjzfRHcp6Xff2MdkfhRGrQzKtKpZTXKkka%2BPJnCOSghMoUjguDkBBzfnFRqB1xtnBrJ%2B5WjUobYJjkxWXt7jwBdu6cil7a3GPA6nEYTCRP3xTcNywLix2Xo6oCa20PpOWbBDV0XUA%2FZ%2BUZarGzpO3Y29kLDdCHoSJZH41rCFgLJBCHZY0Z%2ByITLW960m0%2Fz%2Bzvg7JDlO8kC8eL8w%3D%3D%7Ctkp%3ABFBMhvrR7pVo
Magsafe Frame Case For iPhone 16 15 Pro Max 14 Magnet Stand Aluminum Metal Cover Opens in a new window or tab,$20.06,Free / Not specified,Brand New,https://www.ebay.com/itm/176497257491?_skw=iphone+15+pro&itmmeta=01M2QEMFKMPK6P5MJA0BACNZZF&hash=item29180e6c13:g:EwoAAOSwCAdmqJAq&itmprp=enc%3AAQALAAAA8GfYFPkwiKCW4ZNSs2u11xCpdGrPc5btfOLGp0WHcP7E2vI3td7rjRFmjnC8xmSy9igtyHeip8bC80Z7UDVJEhMhnB9DzzL0RCn--RuzaWaklQYWYDuRXtHlBYq7UjkOncfeo%2B6gisUJcd6AWVuXwoK6g3jC6%2BUl871IzdGcosoj5646Zw8%2F2btg8se0c8SEN2Td1Tb%2FtrfB4xFCTxCxrcijJfuRLpUI69wDeNOtTvujiQay3tCpz3%2BCP5Okh3dBQ%2FbuedAKTw1ilhH0zW3sEn%2Bfa%2FoWAk8t3RjLD6%2FSpQ%2BDdpjLDbMOdbOjYuKb6nOuhg%3D%3D%7Ctkp%3ABFBMhvrR7pVo
Full Screen iPhone 15 Pro (Soft OLED) Opens in a new window or tab,$109.93,Free / Not specified,Brand New,https://www.ebay.com/itm/277874822432?_skw=iphone+15+pro&itmmeta=01M2QEMFKMBWH9V0HWF106Q12G&hash=item40b2a14d20:g:KU0AAeSwWhdqnfHN&itmprp=enc%3AAQALAAAA8GfYFPkwiKCW4ZNSs2u11xDzWsVPfhuy%2FkhUQOG1LvBkx3C3xGXCsIetcccFKK3697fELquYXvCXfNgMVU75XfbQ%2BbJepntC3Ty4hqDfxcMuVjRQgZyMNR6pU2U03%2F5jvHB%2FilaqjKjrInQEIVwx9BG%2Bj2ibxOGd9mFhGQmmvdbBxmgM%2Bz2feABkqjv5A5R4%2FLIXg8loiPabTptYiOK8w%2BnUfAfkXTVlTZZo47FaY1ivkkNYNaCMsmc3x%2FHk6kOfV%2BBM48N2cYbyX%2B%2BC4yLZIWDr7WtpZSjupZ7oDpU4UYsIm3ZKGWxOdXwuOwGoBSHAxw%3D%3D%7Ctkp%3ABFBMhvrR7pVo
ZAGG InvisibleShield Glass Elite Privacy 360 iPhone 15 Pro Max Screen Protector Opens in a new window or tab,$12.99,Free / Not specified,Brand New,https://www.ebay.com/itm/267178451865?_skw=iphone+15+pro&itmmeta=01M2QEMFKMTAQMHGBREY8HRBC1&hash=item3e3513a399:g:9HYAAeSwg8FpAnw7&itmprp=enc%3AAQALAAAA8GfYFPkwiKCW4ZNSs2u11xCFVT0pmPMLEarbxth7W%2Fw1I2NoRn0ITZ%2BZjZKgTMH697%2F%2BQub6%2BmJSJ%2BNuTxAWlsci0vESB7TaxdEUY9cZ4bbQ0unfCof5yaajSJOOjF57SUGd4AkM7AD5B8PmP%2BTg1OOO4%2FkdU9Q7nPNAEs6csVAugwSo2vPFcPHzXoH8Ic74id3AxRU1WUsYCRBKdy5dqSx9PB3bvrhopzMMI8yauxuGdHAw%2FMr7Y8Zv4CLbQGN7drqtxGajtrxXEXsOPUhLka%2FSHQwpykB4eVFJ3m%2B4QzwdsNA4KnhGSDoxctQQW%2F2rMA%3D%3D%7Ctkp%3ABFBMhvrR7pVo
ORIGINAL APPLE IPHONE 15 PRO MAX FULL FRAME PULLED BACK SHELL Opens in a new window or tab,$194.79,Free / Not specified,Brand New,https://www.ebay.com/itm/168227419331?_skw=iphone+15+pro&itmmeta=01M2QEMFKM15613AWBYRPTHB7R&hash=item272b22b4c3:g:mOoAAeSwK9Zpsw-4&itmprp=enc%3AAQALAAAA0GfYFPkwiKCW4ZNSs2u11xACfoRNbzZQKYkFuxN349al7VIDmOxorEjIlGrg%2BAwJ%2FYAFi6teLhv0YSq4Z6WHMGSAbLHp1LHpud7528cTNflhWeIui9lcoNgoF%2BD0JJgNGG9EJbQ8LWGi2Kn1%2BlhTqFb42PHFDaNiYzHdBWmnBmrQc9mFani341vfd6swq81ejUSGoLUA5LLdJQ5J4SUu9s1Ev3PLVKFo5ZAtXqzcaoMW7ja7Q6ExEheIZhvIdb1IrB9uJgz8ZSpXFiTE07fzBUw%3D%7Ctkp%3ABk9SR4j60e6VaA
ORIGINAL IPHONE 15 PRO APPLE PULLED/RIG TOUCH SCREEN DISPLAY WITH PROX SENSOR Opens in a new window or tab,$340.40,Free / Not specified,Brand New,https://www.ebay.com/itm/168508546354?_skw=iphone+15+pro&itmmeta=01M2QEMFKMW2C4SYEGERHBMQ8N&hash=item273be45d32:g:FrYAAeSwfUJpucpG&itmprp=enc%3AAQALAAAA0GfYFPkwiKCW4ZNSs2u11xBr3GHbiDmbbv9SjYIlJXQssuO7LF1ETksGk16JQ2VUY8E3xzvb%2BTVcLhzUzk49uxqAnq1oA3vygiRvJHI7OxdQdYAKtN9VoQ8PgAPA5DZp2KEaN9LYlo77NeTnm7V73xBGM5VMOqplmgSXCSzWv3ZK%2FqWg5ju9Jlk8H4tuBYa95GWzD69xBdb258Ax0daDLGDNJdHW2Wuffw6hveuHU93fY%2BfpmICFAohTIzu7AROdb7IDCWKcZIy463f2lloZccc%3D%7Ctkp%3ABk9SR4j60e6VaA
OFFICIAL GENUINE APPLE IPHONE 15 / PRO / PRO MAX / PLUS FINE WOVEN MAGSAFE CASE Opens in a new window or tab,$17.26,Free / Not specified,Apple,https://www.ebay.com/itm/335188225999?_skw=iphone+15+pro&itmmeta=01M2QEMFKMJ4GPF1R86Y2HX8DP&hash=item4e0ac66fcf:g:Ob4AAeSwjNRpDHOU&itmprp=enc%3AAQALAAAA8GfYFPkwiKCW4ZNSs2u11xAAw6KP2kVXaVD0ERMP2SEfDxoGP0j%2BnKBck7%2FLJvXaI%2FBPUyuKM58tqzraJjA8y7Y13AlKIvzInhocbllutmxnkCdoZVJ5fA0L4q3f5d2J1aWx%2BKCzdYQOdYJgUWXnjz8JGjD4nlDHFo8BTc7pTDftX0vD37p8HIBOiHN0a4bijdDRWpO94g5koOEoDgHXXbaR4RQmZgS%2BqehQH0VF4gI8aRADTwbU7yCZDH4DU4JZBbDXzRzIGbE%2B2aYTO4tUwv689ohj7DCBOrhYbg118P0JHvnvdnoVM%2FI%2FMVVNzKv01A%3D%3D%7Ctkp%3ABk9SR4j60e6VaA
Original Screen for iPhone 15 Pro Refurbished Opens in a new window or tab,$273.90,Free / Not specified,Pre-Owned,https://www.ebay.com/itm/137646578182?_skw=iphone+15+pro&itmmeta=01M2QEMFKMT7SHF2D0TFPWDGQJ&hash=item200c601a06:g:OIoAAeSwNXNqiB7x&itmprp=enc%3AAQALAAAA0GfYFPkwiKCW4ZNSs2u11xBXH85feJdRMbQPgfU%2FAWXix1NzYuOEEpypPIk%2FGE49fZVD58Bi%2F4XSHOydd7IZS%2B%2BmwQOo4MMgvIzjXTMnyGFz3O%2BdIAm0A42V3z1eg3e7dGZeA2GmbhcBkBmZOYDrMNCT9%2BRzFMoJuua3%2Ba%2FYttWb6UVf1dWHyZ1v4p4SiJXlzIRzstsPMBx%2B%2BRYnL07LEi9pI%2BvhowsdinI67RwAlW4GufM%2BXVnWYgW%2B8KhfXc8LWqRyd%2F7%2BnPpmrv%2BMiCU2lIE%3D%7Ctkp%3ABk9SR4j60e6VaA
Genuine / Official Apple iPhone 15 Pro Max FineWoven Case / Cover - Evergreen Opens in a new window or tab,$46.82,Free / Not specified,Apple ·For Apple iPhone 15 Pro Max ·Back Case,https://www.ebay.com/itm/167929731790?_skw=iphone+15+pro&itmmeta=01M2QEMFKM3VHZNYDQ1JQMEW3T&hash=item2719645ace:g:KFYAAeSwfHtqqczO&itmprp=enc%3AAQALAAAA0GfYFPkwiKCW4ZNSs2u11xA2sDRTMc2L2yC3OoOI9wI5ku6CX91tY7jJF84MjZMeOuJJBj%2F6vxxTwIe%2FMzW7w%2BMOmzGB11ZKArlw%2FarLU%2F2jr4VYQQ0hXdQtln%2FIhgub9QxssZlrLxg%2F7coBpIHDLUs8sYJOnkqWPl1ZklK2%2BVA43fg%2Bn3X77CxC85l3hjqKLOvv64RL%2F1yJACVBj6vPZaN4E2VvT6LrRaU5s%2FITvgB1Ng38O%2B%2FZd8RjdoiwKewlTLbE87iCVmykW%2BosfsN9faw%3D%7Ctkp%3ABk9SR4j60e6VaA
Case For iPhone 15 Pro Max 15 Plus Metal Gorilla Cover Heavy Duty Hard Lens Pro Opens in a new window or tab,$16.04,Free / Not specified,Brand New,https://www.ebay.com/itm/276036799479?_skw=iphone+15+pro&itmmeta=01M2QEMFKM0VE2TQ882QR9SH2T&hash=item4045134bf7:g:ZhEAAOSwR-NoHbru&itmprp=enc%3AAQALAAAA0GfYFPkwiKCW4ZNSs2u11xCCd5fp3pnUmdfzt2Cc8%2BpXoWbkG7Q3jPzjudJBbKin%2F3jK7lsZ6mkRx74cehaLAWwvE0aaH3Lumkp0xgxtiTt9QejdrQjarrqi7%2FPCqWov0%2FSUTZg9jSKfXdiPt7e4p4yXcm2B750%2BK8uwqKSN9on9o70neFT%2FEwoyTcDHF23cFqycu4yibQAEPsTaWva3ggQdEJiMBKyNTfbC9ENR2cgxX1qLlzDU8PSCwfVbNjhi%2Fw2e745vPaZyoSQvOUuiLHA%3D%7Ctkp%3ABk9SR4j60e6VaA
Privacy Tempered Glass Screen Protector for iPhone 18 Pro Max 17 16 15 14 13 12 Opens in a new window or tab,$7.99,Free / Not specified,Brand New,https://www.ebay.com/itm/188071865756?_skw=iphone+15+pro&itmmeta=01M2QEMFKMFN5KSRAEWMMQ4HSM&hash=item2bc9f4ed9c:g:g9IAAeSwi5dplf3S&itmprp=enc%3AAQALAAAA8GfYFPkwiKCW4ZNSs2u11xC8RC3O5u1czxh77VuFYE%2BlVoWLA262SCPmQR0nmEHamdsJLU0NiwhbC%2Bu%2Fsfu9iLw5%2B3hUQq6kHw0hdKCTpy6VKgDyLWWvDsmNyavW9m4SMK283oiiq08r0yJAiJuN1bqQnnYPZ1HxpCEPV%2B0XsFN0Ujl1AB7Dpzfj4Aq0LiQGdH%2FPmRBEpAioLNw8cfLhOg57I8tr8eSQ5N9R6iAMyCMdn8Z0a4UcNZ3l5totW6k3dJF7JGpTq%2F4nLWXq7ROeSBa6g1G22KG9nPUDhdeWPfn4ZLiYis2GtBdWUBO1oBPl8Q%3D%3D%7Ctkp%3ABFBMiPrR7pVo
iPhone 17 17e 16 16e 15 Pro Max 14 13 12 11 Plus Privacy Glass Screen Protector Opens in a new window or tab,$6.45,Free / Not specified,Brand New,https://www.ebay.com/itm/176208374727?_skw=iphone+15+pro&itmmeta=01M2QEMFKM8TN4ECM47H320YYE&hash=item2906d66bc7:g:XD8AAOSwzNxls~gL&itmprp=enc%3AAQALAAAA8GfYFPkwiKCW4ZNSs2u11xCxVnVHxg7aSqGVAmgCKYPLJD%2FqLwIi51EXAVUjHDJRHLcB1X3KLN7ukltCvXNymFKvNz%2BdHTJvV6xgRdeUfwj78NX7jZJ%2BYNAlfIO3DCipw9L%2BTWXE%2BirlrW74vUTIFvR%2B1Oo7YecirsC3A55ylDpTIA04v%2Bg3Xb8QI5fYIvGWuLG5LRfrEO2vqPqdXt%2F%2BIeaLoknvUkY%2F2SWWQH1icTEPg7iNSNXOLGwwC%2Fvt6onSExWLdFXMhCgFnFglm1%2FEMSFlI426L5xBxldhhDV4%2B8o2x2qK0wNjklPOCcmcu59R4Q%3D%3D%7Ctkp%3ABFBMiPrR7pVo
"Blackview XPLORE 2 5G AI Outdoor Smartphone 36GB+256GB 6,7"" Android 15 Handy NFC Opens in a new window or tab",$423.06,Free / Not specified,Not specified,https://www.ebay.com/itm/358543323089?_skw=iphone+15+pro&itmmeta=01M2QEMFMW0JG6XKR1YXZXPH0J&hash=item537ad8efd1:g:8AAAAeSwRohqAYzT&itmprp=enc%3AAQALAAAA8GfYFPkwiKCW4ZNSs2u11xAkg90xGyPzCoq%2Fx0cnos%2B4A7uyoa1QaUV%2FpN8Ui7j7EP9ADwsLyj1sYIz1AXtUD3RJobiM1WVlVbpSfyjB5%2BNqjTDw9I43oN%2BmUlud0MkFOVg%2BggAUhFOZPCoyU%2BUOJVFb%2B5ujgXFQmIk7oui9NREfvHBoLtfs3aF9akDqieuBVHgkaHLu1gssFE67Y%2F9UomMchHzVG34AylfeG0U419WPlUkzOb%2FgOaRwlwAafuu8GcDk2qiag7%2F%2BrEcl4UGqeO95K5os8pb7IXuEZc5Iqj7ij9hAF074WKZOkzh5OHaGow%3D%3D%7Ctkp%3ABFBM6PrR7pVo
Samsung Galaxy S24 FE 5G 8/128GB Jet Black 🔥 Unlocked Opens in a new window or tab,$411.59,Free / Not specified,Not specified,https://www.ebay.com/itm/178108048803?_skw=iphone+15+pro&itmmeta=01M2QEMFMWZPY8TJXJKRG2M4EY&hash=item29781125a3:g:xMAAAeSwid9qJ9d6&itmprp=enc%3AAQALAAAA8GfYFPkwiKCW4ZNSs2u11xCAwIcCNz1fQlc5%2B8VHkW25M98uZtYtQRoW3dgBBgROJVqgdBapZE60GaPshThnlYsiJrmRW4cUIekbe%2FJS2c3llfZ8mSgdhZuOF4AvQxzRKXlHxbmMR%2BCWRAc%2F9bBE3m3Hk1ftQjl%2BuedP800zQjtpsoUk0Dm5Rg%2Fmr0QJWTyClIOaFouuxXvk1BquB54k%2B8PNyAi8riNWXatBlO21uWmB1TU%2B%2FIdyZ9Y1vCU%2BQBi7pHk0qQlSvIcjbnZImGltDOLtKl2ixy7UNoh0ZGZCx6LJcMCXXf6eezf5j16CID3ogQ%3D%3D%7Ctkp%3ABFBM6PrR7pVo
Samsung Galaxy S24 FE 5G 128GB/8GB S721B/DS Blue Opens in a new window or tab,$514.78,Free / Not specified,Not specified,https://www.ebay.com/itm/205191727403?_skw=iphone+15+pro&itmmeta=01M2QEMFMWASWMVQDQDZ6PQDND&hash=item2fc661492b:g:sRAAAOSwZ2tncGCL&itmprp=enc%3AAQALAAAA8GfYFPkwiKCW4ZNSs2u11xBqpT4c%2FdRErWcNKqI%2BbtU%2Fe%2BVXBfbIXXhuPyvxL9evnNOU4MoPQJgWj0fgqZpFWNc2mXhtCwonNkzNFBuEGRJ8df96UWmhqwJxSkGID9ZTw%2BdFg49JSdJtnbuN7bPRNeDGxJ2Lhev1ItaXEYfEKyelfCerQ8JtdADbTJu6b9z91jDkrzs1Fdc8sau%2FI%2FwxB5E79IJmKwhw0dwYPU9alL2jfJSLYh4sLbGUd2MjQArxAI96kIuYK5MgtwAIzhe8z%2F7mxZNZ4Tu9v0M0epJJKa8CfJ14kJAmX6nKwUmB70mSkQ%3D%3D%7Ctkp%3ABFBM6PrR7pVo
Google Pixel 8a 128GB 5G Bay Opens in a new window or tab,$434.52,Free / Not specified,Not specified,https://www.ebay.com/itm/204963116988?_skw=iphone+15+pro&itmmeta=01M2QEMFMW7ZXBX3NSEHZMBBN4&hash=item2fb8c0f7bc:g:OkMAAOSwKXBmzgSV&itmprp=enc%3AAQALAAAA8GfYFPkwiKCW4ZNSs2u11xBZG6FcwJ9u49owu2wWZKaW8rfaoik2eVmV3pBWEgMuT%2B6GJ1lcAcO2ApCF7Dg2AX7DBFgCjDZMuG%2FMJSPtqHdtTOckBEvoK6KhFMh6WG8Vq4fgmCtzq5XjIWD2kJ%2B6t4Y8KlzyNk1boeCp2KNvQXmrsf%2FqmGovGc0p7FMbPvqehL9pSaBq0DVRAQPzXrPTDFkSN%2BoSLcBmh7kG%2FzCQ%2BQO5E77bLVg%2BgCTW6yLFH040hkMQXFzecP%2BKSBoLzm3%2FYIaU%2FDUB99z7qd9ifyDmgReE5O4PdmnVefHpT1wvA6%2F7Kw%3D%3D%7Ctkp%3ABFBM6PrR7pVo
"Xiaomi POCO X8 Pro 12GB+512GB 6,59'' AMOLED Dimensity 8500-Ultra 5G Smartphone Opens in a new window or tab",$365.73,Free / Not specified,Not specified,https://www.ebay.com/itm/389987609150?_skw=iphone+15+pro&itmmeta=01M2QEMFMW0T789GP926YTQR17&hash=item5acd12aa3e:g:7XsAAeSwtPhqXzLP&itmprp=enc%3AAQALAAAA8GfYFPkwiKCW4ZNSs2u11xCX82aQAsh1qpeuhrN8pZjvKdhI2hfqSvh9WFolhEskXIQbxT8ED0z%2BLjUsEwiVA66DugNjwOkWm5BnkYNy25u%2FApkig5a9jKiQwlIyhC25cRXWPJlN%2F4XPCLpu4Vdsv50ByrKb%2B0bjhqRWu3JCx%2BC3TKgL4cYo5lIBpSLbRqvBnIONIkYqjlBA357F%2B4bs0TncpcMGj6gKE9LQ1eRSOMY3YpTRoORsvlHogcNriNd1DYBI33VVEaOApT7h4dmK5artyv4qmysdUqxapDmSiax%2F5jkK8tqam8l0cSv2FItIPg%3D%3D%7Ctkp%3ABFBM6PrR7pVo
"Google Pixel 9 128GB Peony, Sehr gut – Refurbished Opens in a new window or tab",$457.45,Free / Not specified,Not specified,https://www.ebay.com/itm/196900490479?_skw=iphone+15+pro&itmmeta=01M2QEMFMW0NQ9ZS4BCP5NM7S0&hash=item2dd82f0cef:g:-9sAAOSwJExnYtdB&itmprp=enc%3AAQALAAAA8GfYFPkwiKCW4ZNSs2u11xCTHdVRL2lB0j1OEA38oGhIQ%2Bw%2BPAYRY6TSjJ1lg%2BEaVUWoAaE5IY5uqg9CD03KXE14bWbW5M6SXSLPsTfPsM88xo7nFZ6Ehs7rXiToQ%2FXb6OiPvQ8mmxEtFBCZZnTlBko%2Flve%2BMO5AcmYa6sE27DYyYcFDkpkZyUG5NIHLwg7Nx2lGLZz4VHYnScoo4sYUwwRSzReEJi2rUMBS%2FKDx%2B9aKUkC4Qhnwbj3Wl%2BzbDynoVWDINDfo7OStqc6e6GCmV%2FhIC5aOeODdyEahnzwvTVD03Jop8CNsS00xRiQ%2Fb0xD1A%3D%3D%7Ctkp%3ABFBM6PrR7pVo
OnePlus 13 5G Smartphone 6.82'' Dual SIM Octa Core Unlocked Global ROM IP68/IP69 Opens in a new window or tab,$687.89,Free / Not specified,Not specified,https://www.ebay.com/itm/177223715573?_skw=iphone+15+pro&itmmeta=01M2QEMFMWR7AN38PVEYXGV828&hash=item29435b4af5:g:nekAAOSw1exnW2ov&itmprp=enc%3AAQALAAAA8GfYFPkwiKCW4ZNSs2u11xByqblq423vf7AOaXNVkjsQw87XJR1qyedmRroK7Jje2jkTGbqTdNOxhO1vhiGTfErzGQO5HeFNmatGeiYnI9EvFtSxhJvhbte1VXAQ6rEb3XTpCd2dvP4w0bwqhrRGntubwsnohfWZj8cisYZ%2BXVZbT9CKnxGROuXY8YJvT1L%2FKek6OhJ5HlKqcL3Au7DuO%2F%2Bckat3kkGcCGch5tesTSbO%2Bjwk1fU7yYJZPJ2zcJEI6eBiVtayjnAd5U4Td3ye46Uhw2FQ60l2QBONQNmJbQWVfFdmJGHzNYPGq%2FjL4xKtxQ%3D%3D%7Ctkp%3ABFBM6PrR7pVo
Hot For iPhone15 Pro 15Plus 15 Pro Max New Original Silicone Case With MagSafe Opens in a new window or tab,$12.88,Free / Not specified,Brand New,https://www.ebay.com/itm/377140468222?_skw=iphone+15+pro&itmmeta=01M2QEMFKM4KB08MKTW56E2R3M&hash=item57cf52d9fe:g:aGYAAeSwE9dp0U6t&itmprp=enc%3AAQALAAAA8GfYFPkwiKCW4ZNSs2u11xDK9dQn%2FzSU8sEtzdannsNteQLRkmkQm5eRNjaB%2Fm89sKwifv6X2RoyulDgSNzJUSCfCNR9CFmkGucw4Aq8R5NNuD9Pupq3Y8z89ybmo51NJRlf5sAB5Ne6fJ%2FSjKM7jTAGb6TPqbvoUMxvBDTBa5LUmgnS4FvpIZ9yIoF%2B5gzpGraPrjHod98BNkf22sIqCLCX35U2w31rXlWcvuk8T%2F6W5t0FNI9BblaEJ5ZUulT4sYedb1xePcmmniQOOdPHJKEgjdQvl%2BRZQwK4FXgP03qHBo1Dhl0yvpxiJ9vdiP%2BKAg%3D%3D%7Ctkp%3ABk9SR4j60e6VaA
Original iPhone 15 Pro Camera KIT Main Camera Rear Camera Rear Camera Flex Opens in a new window or tab,$62.89,Free / Not specified,New (Other),https://www.ebay.com/itm/800458317450?_skw=iphone+15+pro&itmmeta=01M2QEMFKMSNSJEQE02S4YNVCG&hash=itemba5f089e8a:g:ilcAAeSwD2Npu0wY&itmprp=enc%3AAQALAAAA0GfYFPkwiKCW4ZNSs2u11xBwAV5lloAz5HlqlyvapmJDftcCUdEjfCgaGWWntP1LWEmXghpF3ZjzNP3w7%2Bn0Eh%2BLZeYFWoebwdH1x4szk3LWgt7sMqdy%2FJ06tZNm3VeII0vi3ujTzOascWdGXDi98eZ0yzNBEOGXLQH%2BtnW%2FauYWb8KYtUlaMEX%2B2MlA%2BPc1sp6AgCAR0%2BvmWF2TN%2BtTEdau%2FYoo2Xsp8NFiw2WQNr0dPaCVHiATi1drOZVlYPF80f1KbV5shMhRidRpU%2Bzc8B8%3D%7Ctkp%3ABk9SR4j60e6VaA
ORIGINAL APPLE IPHONE 15 PRO PULLED/REGENERATED TOUCH SCREEN DISPLAY + STICKER Opens in a new window or tab,$340.40,Free / Not specified,Brand New,https://www.ebay.com/itm/168242068445?_skw=iphone+15+pro&itmmeta=01M2QEMFKMWEE7Z8QJTY7JM8MM&hash=item272c023bdd:g:FrYAAeSwfUJpucpG&itmprp=enc%3AAQALAAAA8GfYFPkwiKCW4ZNSs2u11xCM7JHBMkvX6qc6cM96InhCpfbVv788Su41FlrtFHtn2Gt0yx3kEFkPyAF5nneianGHmtQ2gxLuORlhfRYxIKdmOJpBflbKi67aWh9omINYREgZ2gTodhULD%2FuUpzYc%2FvNoNnKOJA2bObo1wUwEKxex01RyXKLGDFWzt2T3EO0eNPubSgQ3%2Fsis9Ae8yg2X1AD5TvG5R8Ci9NCemnlelw%2FTF4WQ1Y8yT5Bb8EmkZK4OIBwD%2Flef06qcHoOrvNwFRybWY3sn9RIpiYJo5fcDgL2cg9W6tuK8RISU%2BoI5ya%2BVTw%3D%3D%7Ctkp%3ABk9SR4j60e6VaA
Apple iPhone 15 Pro Max SIM Free Unlocked 256GB/512GB/1TB Excellent Condition Opens in a new window or tab,"$1,002.24",Free / Not specified,Excellent - Refurbished,https://www.ebay.com/itm/388948802285?_skw=iphone+15+pro&epid=15062770508&itmmeta=01M2QEMFKMZ6EM67GAHCXM4W28&hash=item5a8f27baed:g:MScAAeSwyhRopxRe&itmprp=enc%3AAQALAAAA0GfYFPkwiKCW4ZNSs2u11xBZBsIxqWMvbtvGjT2MW85xxyMbcSWzL8Qtjo0kpohu1ceUOVyuHAAxyHc%2F9pcwo2MjEPRg3mjBGy8XV%2Bu8kD1%2FCBv%2Bi0KF7tm3k%2BV%2B5F2V1CEAfjinAD4gOIfeto77fqBFwWbLab7GIFCFGkYMK1%2BE0cruly%2BOxirh%2BPiNjQWN2LnSfiU9UURtAZa9anopvKNak%2Fbxrfz76Y8VXPRQZI7%2BOw1A8B%2FmY8NqSYQbeb5ITtMq7Bwq8K4U8bjd6%2FvG0Jk%3D%7Ctkp%3ABk9SR4j60e6VaA
Empty Original Apple iPhone 15 Pro Original Box 256GB Black Titanium Opens in a new window or tab,$22.93,Free / Not specified,Pre-Owned,https://www.ebay.com/itm/168549943059?_skw=iphone+15+pro&itmmeta=01M2QEMFKMWCB6X2THH2YGKER1&hash=item273e5c0713:g:aSUAAeSwZlJqXjv7&itmprp=enc%3AAQALAAAA8GfYFPkwiKCW4ZNSs2u11xDB1R0Orkd7TCMMkZelq5TfYVl1Pwb8GWoLTA--qH%2BuSdFqSz%2BqPrLJ2JlPBfG5vQUo3NBOqE81--UB5XzXun2YMkcO0nHLyoLhB2yw0pHu%2FEds5wnmkTWKn7RucGtHw85fil3zegsoXioIRkahdbDvV1%2BTdmzEajhLOjeZcym12mVVQiRJzACV9hMyfi4Y5HLzQLynnWVlVGToGwK6PsqYJm7SLVMdCPJqdMbzsCrT588wODM4tgDmMw9H4243Ssw1mvblkGN8Hg3EpANBzoETTnrG%2Bhq03O4vdLQLj2HPWw%3D%3D%7Ctkp%3ABk9SR4r60e6VaA
Apple iPhone 15 Pro Max - 256 512 1TB - Titanium Black White Natural Blue - XXL Lot Opens in a new window or tab,$705.10,Free / Not specified,Pre-Owned,https://www.ebay.com/itm/135590251024?_skw=iphone+15+pro&epid=19062770076&itmmeta=01M2QEMFKMTEYVAG7SHJK8P3CS&hash=item1f91cf0a10:g:JYUAAOSwEStnwy4I&itmprp=enc%3AAQALAAAA8GfYFPkwiKCW4ZNSs2u11xCszOUptPCkUhoPNOJk6ccknU4yTg%2Fd9jFP5rNZO3Ish6wWrER3EAQgCSxSlEXJF3pZ6oL%2B85FnJI5qQ4m8ffFFQ9rj3dW%2FfuNIg1Hq8%2FBSCOhXzGHe1Mbn2xZeNHYi6jWyB6wqrLWqxrBHFne%2FzGnytZeMoElHLqwo%2FWLrBA7rR3xmEK7qixToZHbTFwRZtSwFSwg%2BxzOyjX8Bo8sYeWdQuNer%2FS%2Fx6umz20JjvWQ4XlUXYNAVXG8d91OhAbKGbMhX7KAbjiiqYc7Gq5QFjXmUWMulYIT0T3eStDbm%2F3cBAg%3D%3D%7Ctkp%3ABk9SR4r60e6VaA
Apple iPhone 15 pro max 256GB unlocked Opens in a new window or tab,$722.57,Free / Not specified,Pre-Owned,https://www.ebay.com/itm/287043256213?_skw=iphone+15+pro&itmmeta=01M2QEMFKMPWY7QWMN4TMYGVM0&hash=item42d51c7f95:g:IjIAAeSwGfdpVBoV&itmprp=enc%3AAQALAAAA8GfYFPkwiKCW4ZNSs2u11xCQ9%2BtoL95hYGnd83iirx6aSg3S0O9dxxQYFLjeYLsYkNfWUo85U9ZrnjzonM0SB8gM3oCeuvtlYH2QbeK8ri9zAUcifJUYwRS0er8SO5YLDv%2FU3wylNVCSfcGlCYjC6hjyhmx%2Brw16tNeNt3MmoLd0yOLnLywRhLs9ZiPop9U7Wq6cjCAx37gBRl9BMNybhA6by8bjf9Hm2GPsUlYXZlKiO3Fp9YakttlB7Ol7es%2FrjGCQ8q3S3n1GDzI4X5PW8GoSDn2Kst2cJwKkT1rGVeOhuEsEnC%2F9KdkewV8Ds7WpDw%3D%3D%7Ctkp%3ABk9SR4r60e6VaA
Apple iPhone 15 - 128GB - Pink (without Simlock) + Invoice + Warranty Opens in a new window or tab,$429.94,Free / Not specified,Pre-Owned,https://www.ebay.com/itm/377298927300?_skw=iphone+15+pro&itmmeta=01M2QEMFKM24Y984P3521MT5HK&hash=item57d8c4bec4:g:BWoAAeSwTU5p9ElD&itmprp=enc%3AAQALAAAA8GfYFPkwiKCW4ZNSs2u11xDqL8fzqcNMQHkpum9LkcnFAOyW%2B%2BMvFIGjVzGNyxqGS45kHSJqEZkls%2F4jO5za4%2BLwZX23ifKgNItzNW%2FwQyMyShVe%2FMSj1iNxhwOIi6ftUTZ%2FvN1oRSVjEFsFlnzhFm6OIHdggvsPDRhb3BTPByfHF6oUskyHBl7gXjdVPOl8KZUc72WrBn2V4suqkg2oQY4JwFRQ%2Bvk8OYfSrVGW0t2DIZPNAmZPMyMOW7yf1b13UFoX0d2Smfrkajx3OSFvhU5FrqfZXhi2K%2BJZCdFPfAxiu2%2BuvLTXZVJoLrj9xCd9Bw%3D%3D%7Ctkp%3ABk9SR4r60e6VaA
Original Screen for iPhone 15 Pro Calibrated Sensorflex Pulled Opens in a new window or tab,$318.61,Free / Not specified,Pre-Owned,https://www.ebay.com/itm/137646573367?_skw=iphone+15+pro&itmmeta=01M2QEMFKMHZ0EH7CN7D86E011&hash=item200c600737:g:cykAAeSwRHNqiB6R&itmprp=enc%3AAQALAAAA0GfYFPkwiKCW4ZNSs2u11xDxruAr9NbniJBvsBQhQxKiT952YdBSVsXVYRtsl9MNjYi6piOd7fhpTWJGxK0uh9QOcB83qPsUtdpA8I0Dda1ayRViIa75KrTWy5%2Bpcrr4mcL5TimXdu9jw2sM%2B%2Be1jX6y0LvIa1cLqKdZXtKG1UnMsOXsB4tah9dwYD1yNx7k%2BSc4%2BshvkHVZ6k2QvM79fKs4CJ97fcf42fLiDWhJ9MfwzvHLiaHEdeWImWX9PAUvpyf6lQpUgJSb0UF%2BuIsMiIU%3D%7Ctkp%3ABk9SR4r60e6VaA
100% Original Display For IPHONE 15 Pro Max LCD OLED Screen Pulled (A) Opens in a new window or tab,$330.21,Free / Not specified,Pre-Owned,https://www.ebay.com/itm/157537260790?_skw=iphone+15+pro&itmmeta=01M2QEMFKM85AHDSP6S8Q6S1N9&hash=item24adf3d4f6:g:xSwAAeSw9PFoDcUH&itmprp=enc%3AAQALAAAA8GfYFPkwiKCW4ZNSs2u11xDD9g0ayBXVJaaaFLEU1mYArN87RaV3lSp44Sa5iqrVXFnZeG2vaqTaUDkmrS51%2BLzJiLvm3wUuoesOefZPek%2B2k77lpSkZyDqk1JqWXvOEwE7%2B5vOVnpTifgB6wJpre83mkK9WZLMZTVSXWPoya1ZvG61cfNDf3LZ08P181cXaTP01kBZRXzF6gGReM365PVj9WDbIlXgnlo%2BEBinMRkt1v9Q3qXjt1Sa5UrWclNImf3evKGQ5ZkVdM3BGXU%2F2gWqH0SqG%2FKJ2U6yalIHlBDO%2Baht2iwy2qfRXsXS6y7Hc3w%3D%3D%7Ctkp%3ABk9SR4r60e6VaA
For iPhone 15 Pro Max 15 Pro 15 14 Plus Case Lens Protect Heavy Shockproof Cover Opens in a new window or tab,$20.06,Free / Not specified,Brand New,https://www.ebay.com/itm/256529384468?_skw=iphone+15+pro&itmmeta=01M2QEMFKNG3NEPR70NYN115T8&hash=item3bba57c414:g:nccAAOSwKv5n-mQD&itmprp=enc%3AAQALAAAA8GfYFPkwiKCW4ZNSs2u11xC4aCFdObO9BDXMdMPtiqjZR66cfSPrXjNQRS5zAcOIxYZhnZjvT06gbtmeIt9T1g%2FZWCVjdHRU0UYyASrrePDZjlXYMEnjToNPdzb%2BPDx4dfx52igWZMrIGiw2ZWfYkf6fhHvaoATMx3ZLDGk8LrQgIPm3XGpIuddkOE3wsnsBWddlFHXQyf1Trb%2Bud0KGEnbvSkqAPBSFmR%2FHa%2Fc7%2BYkA1eUTyxLSpzDgnK035I7yAu7cQuXbqwU1EY6KmpVHF7ZkKS4f1jl4nWvOSdFSVoMpKLIToGxKbUKWVdwwE%2BhBAg%3D%3D%7Ctkp%3ABk9SR4r60e6VaA
OEM iPhone 15 Pro Black Titanium Rear Frame Housing – Grade A Condition Opens in a new window or tab,$89.99,Free / Not specified,Pre-Owned,https://www.ebay.com/itm/285825971096?_skw=iphone+15+pro&itmmeta=01M2QEMFKNHDCY512476RHT2MY&hash=item428c8e3398:g:-M4AAOSwIVdmJsrk&itmprp=enc%3AAQALAAAA8GfYFPkwiKCW4ZNSs2u11xDhDjGu6JtVw%2B9O0d80ZFPq2825anIWlRmVW0Q6dZJMq%2FNCrxTtr6NfB0QAe2jLmmyKRgeFV9E%2B5eOQOO2EwP86PLAoyAniBZo5O11CprY769j9%2FWLfaifxdor2PvCVtoE3ZE6pUAw7X1qAcQJ08taqOo4z6ETcfq87kerWRyWBBwGGwWP18wf3UmttXcAOvHjDrSSan5VaMyXlvcLoN96J6AwQXmwB%2FS%2Fyg8ei2znEPUBv%2Fm1ermtRcWzoylNTk3sitEKR1UFBTBBNrM5conTf5A9YUtUjVId%2BhkzbTTtGLg%3D%3D%7Ctkp%3ABk9SR4r60e6VaA
LOUIS VUITTON M82892 Mng. Reverse Folio iPhone 15 Pro Cover Case OP: €520 Opens in a new window or tab,$285.18,Free / Not specified,Louis Vuitton ·Flip Case,https://www.ebay.com/itm/407043805819?_skw=iphone+15+pro&itmmeta=01M2QEMFKNXTBA47ECZF45B22Y&hash=item5ec5b3927b:g:JaUAAOSwhdpnK473&itmprp=enc%3AAQALAAAA8GfYFPkwiKCW4ZNSs2u11xCTg2iWkawZZ89oG6BBFzY2CtzRV9d6lVAEvuyiAt5gq95NvTk4m2ovvxvBqnqMF9RaN%2B08rrfNvffvLziNe%2Ba8IBzJa1eKj%2BObdCOlH4xd3oO92%2Fl7po588net1v6rGp4HV4LgFBHrbwf24Irny1V5A5TBeml3wBVmHv2WtoiEpwnXfNG1DR05%2FuJ2lfT9myDAw6XGFotfmPxQdG1UG7tnkzScT4D60OyEV5umPxa%2BcoZUWtd1BerTQjEj4f47ybLXDmt83a5AIMxgUdCzOCN%2FRmjaqjCge4oNJOsRunV2ug%3D%3D%7Ctkp%3ABk9SR4r60e6VaA
Case For iPhone 15 Pro Max 15 Plus Shockproof Heavy Duty Tough Armour Cover Lens Opens in a new window or tab,$20.06,Free / Not specified,Brand New,https://www.ebay.com/itm/257736593744?_skw=iphone+15+pro&itmmeta=01M2QEMFKNX2WPP4WDYTDG4E2Z&hash=item3c024c5150:g:bPoAAOSwDENlcb63&itmprp=enc%3AAQALAAAA8GfYFPkwiKCW4ZNSs2u11xDxMFtdtnDx8u0efYB9PEAUhyUDuZS8ppV7p4a8Ux4tke%2F7NI2l%2B9ygNWRp0DT7MgJ54kWNSVcBQjQJdgFsvt%2Bd%2B7ovejYTDCB4c4L6HAIkNjYY8kMB%2F7IC9g7nFdyShxmrJo1b8%2Bi8fuo3pIRNxWOSivU0zVegzObQcKfI2PzMWPH3pU83C8Www9BIU%2B86BV2VWIkfzHUE51CWR%2BG%2F6QYtqiJkyTJfYK8%2BGeyfvsGEbnBT8ZXTWNXYgAu1qQviRjVx6oMHDESfXSy2vlfDhlN3U4Pu%2Bj3g7cvJ%2FC%2FEX3rEdA%3D%3D%7Ctkp%3ABk9SR4r60e6VaA
Original LCD Screen / OLED iPhone X 11 12 13 13 14 15 16 17 Pro Max Plus + Tools Opens in a new window or tab,$11.47,Free / Not specified,Brand New,https://www.ebay.com/itm/376000496486?_skw=iphone+15+pro&itmmeta=01M2QEMFKNZCNZE981VM1D5J6S&hash=item578b604366:g:ryYAAeSwkXVpymGX&itmprp=enc%3AAQALAAAA8GfYFPkwiKCW4ZNSs2u11xD7EzLhLPVmVSotGbLFKzuiNjBdklGnlrrPTOmucgCZ5vqrpPt3Rqbo23smCPlU7wOTNFJLzOqAHf8H245OpQpzJE8HIvaPzg0V1iZDjZ%2FE7Kwr4%2F10gjGOoJ4hDOzw3eNcb8MhM%2FaBibg%2BdH%2BTmzfa7DeCSj1KAKsAmD4kGEKLEaNIUplRWrtNIS41eQOC6r7%2BhO3QlRtpi0dQbdP9%2F3EC%2FsUcJtTGEuIpAhfjZMMtmzvdnlEBlDRWJqltOH71FVQbiu6EZnHNuhKoREroNREdC9YJxEBkMUQSdRQi%2BK1cjQ%3D%3D%7Ctkp%3ABk9SR4r60e6VaA
iPhone 15 Pro Genuine Screen Condition Fair - Works Perfect - Pullout Screen Opens in a new window or tab,$66.89,Free / Not specified,Pre-Owned,https://www.ebay.com/itm/366670912487?_skw=iphone+15+pro&itmmeta=01M2QEMFKNAECP3VQN3EA6BVNP&hash=item555f4a1be7:g:c80AAeSwXwlqqXO4&itmprp=enc%3AAQALAAAA8GfYFPkwiKCW4ZNSs2u11xB%2Fr3KKIZt2yg%2Bth6JTsFwBDCa1wFr4DCt%2FTWdfgwvv6oR4h5JrWMvtst%2FiLDicdNoC1qaf%2Fy14X33GVybjRwrPiMDNYMi38EHK4NhKd5gJ%2FF6ZJBs22fVDmzcGWdaHFz%2FQdwRYqGZ%2FisynaA6wfd2vIzPlrx6%2BuYEV406PQCF5kRpozM3vjayQOzRMWszYpAp10A%2BobmLJYo%2FEDCWQqaLdKuooGC2Y7A5Zsv8Ygkw7uywES47ZNk2ccPUwsA6uyiXWEyjXavvGwAceF%2Bw6BQ2xKbgvBnACsq3JVtRxxfVHIA%3D%3D%7Ctkp%3ABk9SR4r60e6VaA
LOUIS VUITTON IPHONE15PRO Folio M82891 Monogram ME4213 Accessory Case Opens in a new window or tab,$415.00,Free / Not specified,Louis Vuitton,https://www.ebay.com/itm/327358793035?_skw=iphone+15+pro&itmmeta=01M2QEMFKNDZ04JNW5662KA9WH&hash=item4c381ac54b:g:8d4AAeSw53JqqN0N&itmprp=enc%3AAQALAAAA0GfYFPkwiKCW4ZNSs2u11xBEEa0NB00rCFYn8NLzz2%2BVibR8FqO9k7hbXketcRaH9C2sVrNm0A1oikie91Az54CFhRLDeyN2LvM1vvwYw9NPYuD7hJSutqvTYxEUkmAGiqZ83c0F%2BKohLC2%2BRZ0Sc3KQmlMb4atEXyS%2BLatbR%2BNyBd57gGJsF%2FKPfogxK%2BPdtSQykQOpcvwKpz0nT3w3n%2BOyaLuhL5G5Eogj6n%2F9PvjyPU73vDosmEDBiSM%2FlqgiY9dxDWZD3YxD4daEpr71ulc%3D%7Ctkp%3ABk9SR4r60e6VaA
Apple Back Glass iPhone 15 Pro Max MagSafe NFC Pulled Grade A Choice of Color Opens in a new window or tab,$126.00,Free / Not specified,Pre-Owned,https://www.ebay.com/itm/137650783382?_skw=iphone+15+pro&itmmeta=01M2QEMFKNHPBKQB4ZXF557EH4&hash=item200ca04496:g:3xgAAeSwuTdqigZE&itmprp=enc%3AAQALAAAA0GfYFPkwiKCW4ZNSs2u11xAmn80%2FAv%2F%2BltGEFX8Yvl9wNss56s%2FfThKs04UmK9zJE8nhsj0e7i5We7UEjbeyqK0%2BBfLlzJfogXmm4njSWs2ozzIWmhcjHb%2FJMQ3uInZFFx9dghnIBQiwhfWjZq3CdQCOFsY0xwwOJWGCRNAsKCV4IkVifdH11NPunvSYwfFcPV2wFYP65WWz4ynq3EdrtkSYhhksCmag5WXab%2BGxtKqwd9157sPGpp6Ro21AfTIzb9pPAkoFjIQE2FNyXYizvO0%3D%7Ctkp%3ABk9SR4r60e6VaA
Complete Replacement Rear Window iPhone 14 15 16 17 Pro Max Plus +NFC + Flash Opens in a new window or tab,$20.50,Free / Not specified,Brand New,https://www.ebay.com/itm/298563088831?_skw=iphone+15+pro&itmmeta=01M2QEMFKNCJ1XEDXSM902TQQR&hash=item4583bf31bf:g:CnUAAeSwH2Jqq6fF&itmprp=enc%3AAQALAAAA8GfYFPkwiKCW4ZNSs2u11xDlzuFk2p%2BCFfVPNuGnacydQq1b0Ory8hFm5%2FsU9ATTSrWhuF5T3i%2F2IfM3iEh6EEU1DAiJmXAF3c7LgPQoOv2aRmQuJIQ8%2FMZQONj5uCeEDXGT089AnhosGsCVd3lOW%2BNnqaLFoTEcgAPYQPwwZGdwgD6ltnZGHrnXTVYC63SPLgV4kPksreZB5MypxI%2FOrATbjiFwDyTyHe6oSXENS4RzuL%2BR88B8%2Fzs9MXQTFYZjhyX1VZzeD8CpLoCysvXXxzhwC3UoAkGBGA%2BK2Lnqci5BqHDQiMgMCcRjCE6QF00zhA%3D%3D%7Ctkp%3ABFBMivrR7pVo
iPhone 15 Pro Max Diagnostic Soft OLED Screen By Apple 120Hz + Adhesive Opens in a new window or tab,$103.17,Free / Not specified,Brand New,https://www.ebay.com/itm/318440535474?_skw=iphone+15+pro&itmmeta=01M2QEMFKN8H69MSTADXPFCVDC&hash=item4a2488f5b2:g:FTYAAeSwFOBqKpQM&itmprp=enc%3AAQALAAAA8GfYFPkwiKCW4ZNSs2u11xCdhCLqAMk3gI3ujVyQpVuxVEBhhEIn7%2BIjPumqa3tZruGOeuUNxigSFe3p2KbKEHMB3Pi07tAf8wBAqCj4opjAydx7WeNDKuMft6De%2FL%2FsJ9Tw9zUI2yNhepwDzLtYfTAYnaS%2BWwKyaCX3%2B27SWCyAyxWgiLW9AE5%2F8GcsPPONAZAfBPwbc2nkBQWMIRjuJzPRFjpPYr3iAhFLMIVLrbF6FRbhlKYXiJdNhtZ9Jjt9Y6U49DlZ3xAodbDPmgFSwE3h%2Bb8mQWkOH%2BRclSJiRbh8v7%2BX2RPiwm%2Fs2GjovH2UWw%3D%3D%7Ctkp%3ABFBMivrR7pVo
